
****** Vivado v2024.2.2 (64-bit)
  **** SW Build 6060944 on Thu Mar 06 19:10:09 MST 2025
  **** IP Build 6050500 on Thu Mar  6 23:33:39 MST 2025
  **** SharedData Build 6060542 on Thu Mar 06 10:31:07 MST 2025
  **** Start of session at: Sat May  9 05:35:50 2026
    ** Copyright 1986-2022 Xilinx, Inc. All Rights Reserved.
    ** Copyright 2022-2025 Advanced Micro Devices, Inc. All Rights Reserved.

source run_v4.tcl
# set TARGET_NS  3.0
# set FPGA_PART  "xcu50-fsvh2104-2-e"
# set RTL_DIR    "../rtl"
# set ADAPT_DIR  "../rtl"
# set OUTDIR     "."
# create_project -in_memory -part $FPGA_PART
# read_verilog -sv "${RTL_DIR}/alpha_mm.sv"
# read_verilog -sv "${RTL_DIR}/priority_array_k_packed.sv"
# read_verilog -sv "${RTL_DIR}/m0_multi_symbol.sv"
# read_verilog -sv "${RTL_DIR}/position_table.sv"
# read_verilog -sv "${RTL_DIR}/quote_emitter.sv"
# read_verilog -sv "${ADAPT_DIR}/adapter_risk_gateway.sv"
# read_verilog -sv "${ADAPT_DIR}/adapter_order_encoder.sv"
# read_verilog -sv "${RTL_DIR}/hft_alpha_pipeline.sv"
# set TOP "hft_alpha_pipeline"
# set generics ""
# append generics "N_SYMBOLS=1 "
# append generics "ROI_LB=533504 "
# append generics "ROI_SIZE=1024 "
# append generics "PRICE_BITS=32 "
# append generics "VAL_BITS=24 "
# append generics "PX_BITS=24 "
# append generics "QTY_BITS=16 "
# append generics "POS_BITS=32 "
# append generics "OFI_BITS=32 "
# append generics "K_LEVELS=2 "
# append generics "HALF_SPREAD=2 "
# append generics "DEFAULT_QTY=10 "
# append generics "MAX_PX_DEV=10000 "
# append generics "MAX_QTY=10000 "
# append generics "MAX_POSITION=1000000"
# synth_design -top $TOP -part $FPGA_PART -mode out_of_context -generic $generics
Command: synth_design -top hft_alpha_pipeline -part xcu50-fsvh2104-2-e -mode out_of_context -generic {N_SYMBOLS=1 ROI_LB=533504 ROI_SIZE=1024 PRICE_BITS=32 VAL_BITS=24 PX_BITS=24 QTY_BITS=16 POS_BITS=32 OFI_BITS=32 K_LEVELS=2 HALF_SPREAD=2 DEFAULT_QTY=10 MAX_PX_DEV=10000 MAX_QTY=10000 MAX_POSITION=1000000}
Starting synth_design
Attempting to get a license for feature 'Synthesis' and/or device 'xcu50'
INFO: [Common 17-349] Got license for feature 'Synthesis' and/or device 'xcu50'
INFO: [Synth 8-7079] Multithreading enabled for synth_design using a maximum of 7 processes.
INFO: [Synth 8-7078] Launching helper process for spawning children vivado processes
INFO: [Synth 8-7075] Helper process launched with PID 3760732
---------------------------------------------------------------------------------
Starting Synthesize : Time (s): cpu = 00:00:02 ; elapsed = 00:00:03 . Memory (MB): peak = 1938.691 ; gain = 444.816 ; free physical = 9811 ; free virtual = 19615
---------------------------------------------------------------------------------
INFO: [Synth 8-6157] synthesizing module 'hft_alpha_pipeline' [/home/amd/UTS/alpha_mm_tick_to_trade/rtl/hft_alpha_pipeline.sv:11]
	Parameter N_SYMBOLS bound to: 32'sb00000000000000000000000000000001 
	Parameter ROI_LB bound to: 32'sb00000000000010000010010000000000 
	Parameter ROI_SIZE bound to: 32'sb00000000000000000000010000000000 
	Parameter PRICE_BITS bound to: 32'sb00000000000000000000000000100000 
	Parameter VAL_BITS bound to: 32'sb00000000000000000000000000011000 
	Parameter PX_BITS bound to: 32'sb00000000000000000000000000011000 
	Parameter QTY_BITS bound to: 32'sb00000000000000000000000000010000 
	Parameter POS_BITS bound to: 32'sb00000000000000000000000000100000 
	Parameter OFI_BITS bound to: 32'sb00000000000000000000000000100000 
	Parameter K_LEVELS bound to: 32'sb00000000000000000000000000000010 
	Parameter HALF_SPREAD bound to: 32'sb00000000000000000000000000000010 
	Parameter DEFAULT_QTY bound to: 32'sb00000000000000000000000000001010 
	Parameter MAX_PX_DEV bound to: 32'sb00000000000000000010011100010000 
	Parameter MAX_QTY bound to: 32'sb00000000000000000010011100010000 
	Parameter MAX_POSITION bound to: 32'sb00000000000011110100001001000000 
INFO: [Synth 8-6157] synthesizing module 'm0_multi_symbol' [/home/amd/UTS/alpha_mm_tick_to_trade/rtl/m0_multi_symbol.sv:17]
	Parameter N_SYMBOLS bound to: 32'sb00000000000000000000000000000001 
	Parameter ROI_LB bound to: 32'sb00000000000010000010010000000000 
	Parameter ROI_SIZE bound to: 32'sb00000000000000000000010000000000 
	Parameter VAL_BITS bound to: 32'sb00000000000000000000000000011000 
	Parameter PRICE_BITS bound to: 32'sb00000000000000000000000000100000 
	Parameter K_LEVELS bound to: 32'sb00000000000000000000000000000010 
INFO: [Synth 8-6157] synthesizing module 'priority_array_k_packed' [/home/amd/UTS/alpha_mm_tick_to_trade/rtl/priority_array_k_packed.sv:44]
	Parameter N_SYMBOLS bound to: 32'sb00000000000000000000000000000001 
	Parameter KEY_BITS bound to: 32'sb00000000000000000000000000001010 
	Parameter VAL_BITS bound to: 32'sb00000000000000000000000000011000 
	Parameter DESCENDING bound to: 32'sb00000000000000000000000000000001 
	Parameter K_LEVELS bound to: 32'sb00000000000000000000000000000010 
INFO: [Synth 8-226] default block is never used [/home/amd/UTS/alpha_mm_tick_to_trade/rtl/priority_array_k_packed.sv:612]
INFO: [Synth 8-6155] done synthesizing module 'priority_array_k_packed' (0#1) [/home/amd/UTS/alpha_mm_tick_to_trade/rtl/priority_array_k_packed.sv:44]
WARNING: [Synth 8-689] width (1) of port connection 'top_sym_o' does not match port width (2) of module 'priority_array_k_packed' [/home/amd/UTS/alpha_mm_tick_to_trade/rtl/m0_multi_symbol.sv:107]
INFO: [Synth 8-6157] synthesizing module 'priority_array_k_packed__parameterized0' [/home/amd/UTS/alpha_mm_tick_to_trade/rtl/priority_array_k_packed.sv:44]
	Parameter N_SYMBOLS bound to: 32'sb00000000000000000000000000000001 
	Parameter KEY_BITS bound to: 32'sb00000000000000000000000000001010 
	Parameter VAL_BITS bound to: 32'sb00000000000000000000000000011000 
	Parameter DESCENDING bound to: 32'sb00000000000000000000000000000000 
	Parameter K_LEVELS bound to: 32'sb00000000000000000000000000000010 
INFO: [Synth 8-226] default block is never used [/home/amd/UTS/alpha_mm_tick_to_trade/rtl/priority_array_k_packed.sv:612]
INFO: [Synth 8-6155] done synthesizing module 'priority_array_k_packed__parameterized0' (0#1) [/home/amd/UTS/alpha_mm_tick_to_trade/rtl/priority_array_k_packed.sv:44]
WARNING: [Synth 8-689] width (1) of port connection 'top_sym_o' does not match port width (2) of module 'priority_array_k_packed__parameterized0' [/home/amd/UTS/alpha_mm_tick_to_trade/rtl/m0_multi_symbol.sv:140]
INFO: [Synth 8-6155] done synthesizing module 'm0_multi_symbol' (0#1) [/home/amd/UTS/alpha_mm_tick_to_trade/rtl/m0_multi_symbol.sv:17]
INFO: [Synth 8-6157] synthesizing module 'position_table' [/home/amd/UTS/alpha_mm_tick_to_trade/rtl/position_table.sv:18]
	Parameter N_SYMBOLS bound to: 32'sb00000000000000000000000000000001 
	Parameter POS_BITS bound to: 32'sb00000000000000000000000000100000 
INFO: [Synth 8-6155] done synthesizing module 'position_table' (0#1) [/home/amd/UTS/alpha_mm_tick_to_trade/rtl/position_table.sv:18]
INFO: [Synth 8-6157] synthesizing module 'alpha_mm' [/home/amd/UTS/alpha_mm_tick_to_trade/rtl/alpha_mm.sv:21]
	Parameter PX_BITS bound to: 32'sb00000000000000000000000000011000 
	Parameter QTY_BITS bound to: 32'sb00000000000000000000000000010000 
	Parameter POS_BITS bound to: 32'sb00000000000000000000000000100000 
	Parameter OFI_BITS bound to: 32'sb00000000000000000000000000100000 
	Parameter HALF_SPREAD bound to: 32'sb00000000000000000000000000000010 
	Parameter DEFAULT_QTY bound to: 32'sb00000000000000000000000000001010 
	Parameter ALPHA_IMB_SHIFT bound to: 32'sb00000000000000000000000000000110 
	Parameter ALPHA_OFI_SHIFT bound to: 32'sb00000000000000000000000000000100 
	Parameter GAMMA_SHIFT bound to: 32'sb00000000000000000000000000000111 
	Parameter SPREAD_ALPHA_SHIFT bound to: 32'sb00000000000000000000000000000100 
	Parameter CONFIDENT_THRESHOLD bound to: 32'sb00000000000000000000000000000100 
WARNING: [Synth 8-693] zero replication count - replication ignored [/home/amd/UTS/alpha_mm_tick_to_trade/rtl/alpha_mm.sv:61]
INFO: [Synth 8-6155] done synthesizing module 'alpha_mm' (0#1) [/home/amd/UTS/alpha_mm_tick_to_trade/rtl/alpha_mm.sv:21]
INFO: [Synth 8-6157] synthesizing module 'quote_emitter' [/home/amd/UTS/alpha_mm_tick_to_trade/rtl/quote_emitter.sv:18]
	Parameter PX_BITS bound to: 32'sb00000000000000000000000000011000 
	Parameter QTY_BITS bound to: 32'sb00000000000000000000000000010000 
INFO: [Synth 8-6155] done synthesizing module 'quote_emitter' (0#1) [/home/amd/UTS/alpha_mm_tick_to_trade/rtl/quote_emitter.sv:18]
INFO: [Synth 8-6157] synthesizing module 'adapter_risk_gateway' [/home/amd/UTS/alpha_mm_tick_to_trade/rtl/adapter_risk_gateway.sv:9]
	Parameter PX_BITS bound to: 32'sb00000000000000000000000000011000 
	Parameter QTY_BITS bound to: 32'sb00000000000000000000000000010000 
	Parameter POS_BITS bound to: 32'sb00000000000000000000000000100000 
INFO: [Synth 8-6155] done synthesizing module 'adapter_risk_gateway' (0#1) [/home/amd/UTS/alpha_mm_tick_to_trade/rtl/adapter_risk_gateway.sv:9]
INFO: [Synth 8-6157] synthesizing module 'adapter_order_encoder' [/home/amd/UTS/alpha_mm_tick_to_trade/rtl/adapter_order_encoder.sv:14]
	Parameter PX_BITS bound to: 32'sb00000000000000000000000000011000 
	Parameter QTY_BITS bound to: 32'sb00000000000000000000000000010000 
INFO: [Synth 8-6155] done synthesizing module 'adapter_order_encoder' (0#1) [/home/amd/UTS/alpha_mm_tick_to_trade/rtl/adapter_order_encoder.sv:14]
INFO: [Synth 8-6155] done synthesizing module 'hft_alpha_pipeline' (0#1) [/home/amd/UTS/alpha_mm_tick_to_trade/rtl/hft_alpha_pipeline.sv:11]
WARNING: [Synth 8-6014] Unused sequential element s0_op_q_reg was removed.  [/home/amd/UTS/alpha_mm_tick_to_trade/rtl/priority_array_k_packed.sv:187]
WARNING: [Synth 8-6014] Unused sequential element read_bank_d1_q_reg was removed.  [/home/amd/UTS/alpha_mm_tick_to_trade/rtl/priority_array_k_packed.sv:251]
WARNING: [Synth 8-6014] Unused sequential element scan_bank_d2_q_reg was removed.  [/home/amd/UTS/alpha_mm_tick_to_trade/rtl/priority_array_k_packed.sv:258]
WARNING: [Synth 8-6014] Unused sequential element cmd_bank_d1_q_reg was removed.  [/home/amd/UTS/alpha_mm_tick_to_trade/rtl/priority_array_k_packed.sv:250]
WARNING: [Synth 8-4767] Trying to implement RAM 'g_slot1_writes.kbest_v1_mem_q_reg' in registers. Block RAM or DRAM implementation is not possible; see log for reasons.
Reason is one or more of the following :
	1: Only 1 word in RAM 
RAM "g_slot1_writes.kbest_v1_mem_q_reg" dissolved into registers
WARNING: [Synth 8-4767] Trying to implement RAM 'g_slot1_writes.kbest_d1_mem_q_reg' in registers. Block RAM or DRAM implementation is not possible; see log for reasons.
Reason is one or more of the following :
	1: Only 1 word in RAM 
RAM "g_slot1_writes.kbest_d1_mem_q_reg" dissolved into registers
WARNING: [Synth 8-4767] Trying to implement RAM 'g_slot1_writes.kbest_k1_mem_q_reg' in registers. Block RAM or DRAM implementation is not possible; see log for reasons.
Reason is one or more of the following :
	1: Only 1 word in RAM 
RAM "g_slot1_writes.kbest_k1_mem_q_reg" dissolved into registers
WARNING: [Synth 8-4767] Trying to implement RAM 'kbest_k0_mem_q_reg' in registers. Block RAM or DRAM implementation is not possible; see log for reasons.
Reason is one or more of the following :
	1: Only 1 word in RAM 
RAM "kbest_k0_mem_q_reg" dissolved into registers
WARNING: [Synth 8-4767] Trying to implement RAM 'kbest_v0_mem_q_reg' in registers. Block RAM or DRAM implementation is not possible; see log for reasons.
Reason is one or more of the following :
	1: Only 1 word in RAM 
RAM "kbest_v0_mem_q_reg" dissolved into registers
WARNING: [Synth 8-4767] Trying to implement RAM 'kbest_d0_mem_q_reg' in registers. Block RAM or DRAM implementation is not possible; see log for reasons.
Reason is one or more of the following :
	1: Only 1 word in RAM 
RAM "kbest_d0_mem_q_reg" dissolved into registers
WARNING: [Synth 8-4767] Trying to implement RAM 'size_mem_q_reg' in registers. Block RAM or DRAM implementation is not possible; see log for reasons.
Reason is one or more of the following :
	1: Only 1 word in RAM 
RAM "size_mem_q_reg" dissolved into registers
WARNING: [Synth 8-4767] Trying to implement RAM 'fifo_mem_q_reg' in registers. Block RAM or DRAM implementation is not possible; see log for reasons.
Reason is one or more of the following :
	1: Only 1 word in RAM 
RAM "fifo_mem_q_reg" dissolved into registers
WARNING: [Synth 8-6014] Unused sequential element s0_op_q_reg was removed.  [/home/amd/UTS/alpha_mm_tick_to_trade/rtl/priority_array_k_packed.sv:187]
WARNING: [Synth 8-6014] Unused sequential element read_bank_d1_q_reg was removed.  [/home/amd/UTS/alpha_mm_tick_to_trade/rtl/priority_array_k_packed.sv:251]
WARNING: [Synth 8-6014] Unused sequential element scan_bank_d2_q_reg was removed.  [/home/amd/UTS/alpha_mm_tick_to_trade/rtl/priority_array_k_packed.sv:258]
WARNING: [Synth 8-6014] Unused sequential element cmd_bank_d1_q_reg was removed.  [/home/amd/UTS/alpha_mm_tick_to_trade/rtl/priority_array_k_packed.sv:250]
WARNING: [Synth 8-4767] Trying to implement RAM 'g_slot1_writes.kbest_v1_mem_q_reg' in registers. Block RAM or DRAM implementation is not possible; see log for reasons.
Reason is one or more of the following :
	1: Only 1 word in RAM 
RAM "g_slot1_writes.kbest_v1_mem_q_reg" dissolved into registers
WARNING: [Synth 8-4767] Trying to implement RAM 'g_slot1_writes.kbest_d1_mem_q_reg' in registers. Block RAM or DRAM implementation is not possible; see log for reasons.
Reason is one or more of the following :
	1: Only 1 word in RAM 
RAM "g_slot1_writes.kbest_d1_mem_q_reg" dissolved into registers
WARNING: [Synth 8-4767] Trying to implement RAM 'g_slot1_writes.kbest_k1_mem_q_reg' in registers. Block RAM or DRAM implementation is not possible; see log for reasons.
Reason is one or more of the following :
	1: Only 1 word in RAM 
RAM "g_slot1_writes.kbest_k1_mem_q_reg" dissolved into registers
WARNING: [Synth 8-4767] Trying to implement RAM 'kbest_k0_mem_q_reg' in registers. Block RAM or DRAM implementation is not possible; see log for reasons.
Reason is one or more of the following :
	1: Only 1 word in RAM 
RAM "kbest_k0_mem_q_reg" dissolved into registers
WARNING: [Synth 8-4767] Trying to implement RAM 'kbest_v0_mem_q_reg' in registers. Block RAM or DRAM implementation is not possible; see log for reasons.
Reason is one or more of the following :
	1: Only 1 word in RAM 
RAM "kbest_v0_mem_q_reg" dissolved into registers
WARNING: [Synth 8-4767] Trying to implement RAM 'kbest_d0_mem_q_reg' in registers. Block RAM or DRAM implementation is not possible; see log for reasons.
Reason is one or more of the following :
	1: Only 1 word in RAM 
RAM "kbest_d0_mem_q_reg" dissolved into registers
WARNING: [Synth 8-4767] Trying to implement RAM 'size_mem_q_reg' in registers. Block RAM or DRAM implementation is not possible; see log for reasons.
Reason is one or more of the following :
	1: Only 1 word in RAM 
RAM "size_mem_q_reg" dissolved into registers
WARNING: [Synth 8-4767] Trying to implement RAM 'fifo_mem_q_reg' in registers. Block RAM or DRAM implementation is not possible; see log for reasons.
Reason is one or more of the following :
	1: Only 1 word in RAM 
RAM "fifo_mem_q_reg" dissolved into registers
WARNING: [Synth 8-4767] Trying to implement RAM 'pos_mem_q_reg' in registers. Block RAM or DRAM implementation is not possible; see log for reasons.
Reason is one or more of the following :
	1: Only 1 word in RAM 
RAM "pos_mem_q_reg" dissolved into registers
WARNING: [Synth 8-7129] Port rst_n in module position_table is either unconnected or has no load
WARNING: [Synth 8-7129] Port sym_i[-1] in module priority_array_k_packed__parameterized0 is either unconnected or has no load
WARNING: [Synth 8-7129] Port read_sym_i[-1] in module priority_array_k_packed__parameterized0 is either unconnected or has no load
WARNING: [Synth 8-7129] Port read_sym_i[0] in module priority_array_k_packed__parameterized0 is either unconnected or has no load
WARNING: [Synth 8-7129] Port read_key_i[9] in module priority_array_k_packed__parameterized0 is either unconnected or has no load
WARNING: [Synth 8-7129] Port read_key_i[8] in module priority_array_k_packed__parameterized0 is either unconnected or has no load
WARNING: [Synth 8-7129] Port read_key_i[7] in module priority_array_k_packed__parameterized0 is either unconnected or has no load
WARNING: [Synth 8-7129] Port read_key_i[6] in module priority_array_k_packed__parameterized0 is either unconnected or has no load
WARNING: [Synth 8-7129] Port read_key_i[5] in module priority_array_k_packed__parameterized0 is either unconnected or has no load
WARNING: [Synth 8-7129] Port read_key_i[4] in module priority_array_k_packed__parameterized0 is either unconnected or has no load
WARNING: [Synth 8-7129] Port read_key_i[3] in module priority_array_k_packed__parameterized0 is either unconnected or has no load
WARNING: [Synth 8-7129] Port read_key_i[2] in module priority_array_k_packed__parameterized0 is either unconnected or has no load
WARNING: [Synth 8-7129] Port read_key_i[1] in module priority_array_k_packed__parameterized0 is either unconnected or has no load
WARNING: [Synth 8-7129] Port read_key_i[0] in module priority_array_k_packed__parameterized0 is either unconnected or has no load
WARNING: [Synth 8-7129] Port sym_i[-1] in module priority_array_k_packed is either unconnected or has no load
WARNING: [Synth 8-7129] Port read_sym_i[-1] in module priority_array_k_packed is either unconnected or has no load
WARNING: [Synth 8-7129] Port read_sym_i[0] in module priority_array_k_packed is either unconnected or has no load
WARNING: [Synth 8-7129] Port read_key_i[9] in module priority_array_k_packed is either unconnected or has no load
WARNING: [Synth 8-7129] Port read_key_i[8] in module priority_array_k_packed is either unconnected or has no load
WARNING: [Synth 8-7129] Port read_key_i[7] in module priority_array_k_packed is either unconnected or has no load
WARNING: [Synth 8-7129] Port read_key_i[6] in module priority_array_k_packed is either unconnected or has no load
WARNING: [Synth 8-7129] Port read_key_i[5] in module priority_array_k_packed is either unconnected or has no load
WARNING: [Synth 8-7129] Port read_key_i[4] in module priority_array_k_packed is either unconnected or has no load
WARNING: [Synth 8-7129] Port read_key_i[3] in module priority_array_k_packed is either unconnected or has no load
WARNING: [Synth 8-7129] Port read_key_i[2] in module priority_array_k_packed is either unconnected or has no load
WARNING: [Synth 8-7129] Port read_key_i[1] in module priority_array_k_packed is either unconnected or has no load
WARNING: [Synth 8-7129] Port read_key_i[0] in module priority_array_k_packed is either unconnected or has no load
---------------------------------------------------------------------------------
Finished Synthesize : Time (s): cpu = 00:00:03 ; elapsed = 00:00:04 . Memory (MB): peak = 2018.660 ; gain = 524.785 ; free physical = 9707 ; free virtual = 19512
---------------------------------------------------------------------------------
---------------------------------------------------------------------------------
Finished Constraint Validation : Time (s): cpu = 00:00:04 ; elapsed = 00:00:04 . Memory (MB): peak = 2036.473 ; gain = 542.598 ; free physical = 9707 ; free virtual = 19512
---------------------------------------------------------------------------------
---------------------------------------------------------------------------------
Start Loading Part and Timing Information
---------------------------------------------------------------------------------
Loading part: xcu50-fsvh2104-2-e
INFO: [Device 21-403] Loading part xcu50-fsvh2104-2-e
INFO: [Synth 8-6742] Reading net delay rules and data
---------------------------------------------------------------------------------
Finished Loading Part and Timing Information : Time (s): cpu = 00:00:04 ; elapsed = 00:00:04 . Memory (MB): peak = 2050.414 ; gain = 556.539 ; free physical = 9718 ; free virtual = 19522
---------------------------------------------------------------------------------
---------------------------------------------------------------------------------
Finished RTL Optimization Phase 2 : Time (s): cpu = 00:00:04 ; elapsed = 00:00:04 . Memory (MB): peak = 2050.414 ; gain = 556.539 ; free physical = 9666 ; free virtual = 19510
---------------------------------------------------------------------------------
No constraint files found.
---------------------------------------------------------------------------------
Start RTL Component Statistics 
---------------------------------------------------------------------------------
Detailed RTL Component Info : 
+---Adders : 
	   2 Input   33 Bit       Adders := 2     
	   2 Input   32 Bit       Adders := 4     
	   3 Input   32 Bit       Adders := 1     
	   2 Input   24 Bit       Adders := 2     
	   5 Input   24 Bit       Adders := 2     
	   3 Input   24 Bit       Adders := 1     
	   3 Input   17 Bit       Adders := 1     
	   2 Input   11 Bit       Adders := 6     
	   2 Input   10 Bit       Adders := 2     
	   2 Input    2 Bit       Adders := 4     
	   2 Input    1 Bit       Adders := 2     
+---XORs : 
	  11 Input      8 Bit         XORs := 1     
+---Registers : 
	               96 Bit    Registers := 1     
	               32 Bit    Registers := 6     
	               24 Bit    Registers := 12    
	               16 Bit    Registers := 3     
	               11 Bit    Registers := 2     
	               10 Bit    Registers := 10    
	                8 Bit    Registers := 2     
	                3 Bit    Registers := 1     
	                2 Bit    Registers := 2     
	                1 Bit    Registers := 35    
+---RAMs : 
	              48K Bit	(2048 X 24 bit)          RAMs := 2     
+---Muxes : 
	   2 Input   96 Bit        Muxes := 1     
	   2 Input   32 Bit        Muxes := 5     
	   2 Input   24 Bit        Muxes := 28    
	   2 Input   20 Bit        Muxes := 2     
	   2 Input   16 Bit        Muxes := 1     
	   2 Input   11 Bit        Muxes := 4     
	   2 Input   10 Bit        Muxes := 26    
	   2 Input    3 Bit        Muxes := 1     
	   5 Input    3 Bit        Muxes := 1     
	   2 Input    2 Bit        Muxes := 4     
	   2 Input    1 Bit        Muxes := 49    
	   5 Input    1 Bit        Muxes := 2     
---------------------------------------------------------------------------------
Finished RTL Component Statistics 
---------------------------------------------------------------------------------
---------------------------------------------------------------------------------
Start Part Resource Summary
---------------------------------------------------------------------------------
Part Resources:
DSPs: 5952 (col length:93)
BRAMs: 2688 (col length: RAMB18 192 RAMB36 96)
---------------------------------------------------------------------------------
Finished Part Resource Summary
---------------------------------------------------------------------------------
No constraint files found.
---------------------------------------------------------------------------------
Start Cross Boundary and Area Optimization
---------------------------------------------------------------------------------
WARNING: [Synth 8-7080] Parallel synthesis criteria is not met
WARNING: [Synth 8-7129] Port sym_i[-1] in module m0_multi_symbol is either unconnected or has no load
WARNING: [Synth 8-7129] Port ofi_signal_i[3] in module hft_alpha_pipeline is either unconnected or has no load
WARNING: [Synth 8-7129] Port ofi_signal_i[2] in module hft_alpha_pipeline is either unconnected or has no load
WARNING: [Synth 8-7129] Port ofi_signal_i[1] in module hft_alpha_pipeline is either unconnected or has no load
WARNING: [Synth 8-7129] Port ofi_signal_i[0] in module hft_alpha_pipeline is either unconnected or has no load
---------------------------------------------------------------------------------
Finished Cross Boundary and Area Optimization : Time (s): cpu = 00:00:12 ; elapsed = 00:00:12 . Memory (MB): peak = 3203.805 ; gain = 1709.930 ; free physical = 8503 ; free virtual = 18309
---------------------------------------------------------------------------------
---------------------------------------------------------------------------------
Start ROM, RAM, DSP, Shift Register and Retiming Reporting
---------------------------------------------------------------------------------

Block RAM: Preliminary Mapping Report (see note below)
+-------------------+------------------------------------+------------------------+---+---+------------------------+---+---+------------------+--------+--------+-----------------+
|Module Name        | RTL Object                         | PORT A (Depth x Width) | W | R | PORT B (Depth x Width) | W | R | Ports driving FF | RAMB18 | RAMB36 | Cascade Heights | 
+-------------------+------------------------------------+------------------------+---+---+------------------------+---+---+------------------+--------+--------+-----------------+
|hft_alpha_pipeline | u_m0/u_bid/g_mem_bank[0].mem_q_reg | 2 K x 24(READ_FIRST)   | W |   | 2 K x 24(WRITE_FIRST)  |   | R | Port A and B     | 1      | 1      | 1,1             | 
|hft_alpha_pipeline | u_m0/u_ask/g_mem_bank[0].mem_q_reg | 2 K x 24(READ_FIRST)   | W |   | 2 K x 24(WRITE_FIRST)  |   | R | Port A and B     | 1      | 1      | 1,1             | 
+-------------------+------------------------------------+------------------------+---+---+------------------------+---+---+------------------+--------+--------+-----------------+

Note: The table above is a preliminary report that shows the Block RAMs at the current stage of the synthesis flow. Some Block RAMs may be reimplemented as non Block RAM primitives later in the synthesis flow. Multiple instantiated Block RAMs are reported only once. 

Distributed RAM: Preliminary Mapping Report (see note below)
+-------------------+------------------------------------------+----------------+----------------------+----------------+
|Module Name        | RTL Object                               | Inference      | Size (Depth x Width) | Primitives     | 
+-------------------+------------------------------------------+----------------+----------------------+----------------+
|hft_alpha_pipeline | u_m0/u_bid/g_mem_bank[0].valid_mem_q_reg | User Attribute | 2 K x 1              | RAM256X1D x 8  | 
|hft_alpha_pipeline | u_m0/u_ask/g_mem_bank[0].valid_mem_q_reg | User Attribute | 2 K x 1              | RAM256X1D x 8  | 
+-------------------+------------------------------------------+----------------+----------------------+----------------+

Note: The table above is a preliminary report that shows the Distributed RAMs at the current stage of the synthesis flow. Some Distributed RAMs may be reimplemented as non Distributed RAM primitives later in the synthesis flow. Multiple instantiated RAMs are reported only once.
---------------------------------------------------------------------------------
Finished ROM, RAM, DSP, Shift Register and Retiming Reporting
---------------------------------------------------------------------------------
No constraint files found.
---------------------------------------------------------------------------------
Start Timing Optimization
---------------------------------------------------------------------------------
---------------------------------------------------------------------------------
Finished Timing Optimization : Time (s): cpu = 00:00:12 ; elapsed = 00:00:12 . Memory (MB): peak = 3203.805 ; gain = 1709.930 ; free physical = 8512 ; free virtual = 18317
---------------------------------------------------------------------------------
---------------------------------------------------------------------------------
Start ROM, RAM, DSP, Shift Register and Retiming Reporting
---------------------------------------------------------------------------------

Block RAM: Final Mapping Report
+-------------------+------------------------------------+------------------------+---+---+------------------------+---+---+------------------+--------+--------+-----------------+
|Module Name        | RTL Object                         | PORT A (Depth x Width) | W | R | PORT B (Depth x Width) | W | R | Ports driving FF | RAMB18 | RAMB36 | Cascade Heights | 
+-------------------+------------------------------------+------------------------+---+---+------------------------+---+---+------------------+--------+--------+-----------------+
|hft_alpha_pipeline | u_m0/u_bid/g_mem_bank[0].mem_q_reg | 2 K x 24(READ_FIRST)   | W |   | 2 K x 24(WRITE_FIRST)  |   | R | Port A and B     | 1      | 1      | 1,1             | 
|hft_alpha_pipeline | u_m0/u_ask/g_mem_bank[0].mem_q_reg | 2 K x 24(READ_FIRST)   | W |   | 2 K x 24(WRITE_FIRST)  |   | R | Port A and B     | 1      | 1      | 1,1             | 
+-------------------+------------------------------------+------------------------+---+---+------------------------+---+---+------------------+--------+--------+-----------------+


Distributed RAM: Final Mapping Report
+-------------------+------------------------------------------+----------------+----------------------+----------------+
|Module Name        | RTL Object                               | Inference      | Size (Depth x Width) | Primitives     | 
+-------------------+------------------------------------------+----------------+----------------------+----------------+
|hft_alpha_pipeline | u_m0/u_bid/g_mem_bank[0].valid_mem_q_reg | User Attribute | 2 K x 1              | RAM256X1D x 8  | 
|hft_alpha_pipeline | u_m0/u_ask/g_mem_bank[0].valid_mem_q_reg | User Attribute | 2 K x 1              | RAM256X1D x 8  | 
+-------------------+------------------------------------------+----------------+----------------------+----------------+

---------------------------------------------------------------------------------
Finished ROM, RAM, DSP, Shift Register and Retiming Reporting
---------------------------------------------------------------------------------
---------------------------------------------------------------------------------
Start Technology Mapping
---------------------------------------------------------------------------------
INFO: [Synth 8-7052] The timing for the instance u_m0/u_bid/g_mem_bank[0].mem_q_reg_bram_0 (implemented as a Block RAM) might be sub-optimal as no optional output register could be merged into the ram block. Providing additional output register may help in improving timing.
INFO: [Synth 8-7052] The timing for the instance u_m0/u_ask/g_mem_bank[0].mem_q_reg_bram_0 (implemented as a Block RAM) might be sub-optimal as no optional output register could be merged into the ram block. Providing additional output register may help in improving timing.
---------------------------------------------------------------------------------
Finished Technology Mapping : Time (s): cpu = 00:00:12 ; elapsed = 00:00:12 . Memory (MB): peak = 3203.805 ; gain = 1709.930 ; free physical = 8512 ; free virtual = 18318
---------------------------------------------------------------------------------
---------------------------------------------------------------------------------
Start IO Insertion
---------------------------------------------------------------------------------
---------------------------------------------------------------------------------
Start Flattening Before IO Insertion
---------------------------------------------------------------------------------
---------------------------------------------------------------------------------
Finished Flattening Before IO Insertion
---------------------------------------------------------------------------------
---------------------------------------------------------------------------------
Start Final Netlist Cleanup
---------------------------------------------------------------------------------
---------------------------------------------------------------------------------
Finished Final Netlist Cleanup
---------------------------------------------------------------------------------
---------------------------------------------------------------------------------
Finished IO Insertion : Time (s): cpu = 00:00:14 ; elapsed = 00:00:14 . Memory (MB): peak = 3305.617 ; gain = 1811.742 ; free physical = 8316 ; free virtual = 18122
---------------------------------------------------------------------------------
---------------------------------------------------------------------------------
Start Renaming Generated Instances
---------------------------------------------------------------------------------
---------------------------------------------------------------------------------
Finished Renaming Generated Instances : Time (s): cpu = 00:00:14 ; elapsed = 00:00:14 . Memory (MB): peak = 3305.617 ; gain = 1811.742 ; free physical = 8316 ; free virtual = 18122
---------------------------------------------------------------------------------
---------------------------------------------------------------------------------
Start Rebuilding User Hierarchy
---------------------------------------------------------------------------------
---------------------------------------------------------------------------------
Finished Rebuilding User Hierarchy : Time (s): cpu = 00:00:14 ; elapsed = 00:00:14 . Memory (MB): peak = 3305.617 ; gain = 1811.742 ; free physical = 8316 ; free virtual = 18122
---------------------------------------------------------------------------------
---------------------------------------------------------------------------------
Start Renaming Generated Ports
---------------------------------------------------------------------------------
---------------------------------------------------------------------------------
Finished Renaming Generated Ports : Time (s): cpu = 00:00:14 ; elapsed = 00:00:14 . Memory (MB): peak = 3305.617 ; gain = 1811.742 ; free physical = 8318 ; free virtual = 18124
---------------------------------------------------------------------------------
---------------------------------------------------------------------------------
Start Handling Custom Attributes
---------------------------------------------------------------------------------
---------------------------------------------------------------------------------
Finished Handling Custom Attributes : Time (s): cpu = 00:00:14 ; elapsed = 00:00:14 . Memory (MB): peak = 3305.617 ; gain = 1811.742 ; free physical = 8318 ; free virtual = 18124
---------------------------------------------------------------------------------
---------------------------------------------------------------------------------
Start Renaming Generated Nets
---------------------------------------------------------------------------------
---------------------------------------------------------------------------------
Finished Renaming Generated Nets : Time (s): cpu = 00:00:14 ; elapsed = 00:00:14 . Memory (MB): peak = 3305.617 ; gain = 1811.742 ; free physical = 8318 ; free virtual = 18124
---------------------------------------------------------------------------------
---------------------------------------------------------------------------------
Start Writing Synthesis Report
---------------------------------------------------------------------------------

Report BlackBoxes: 
+-+--------------+----------+
| |BlackBox name |Instances |
+-+--------------+----------+
+-+--------------+----------+

Report Cell Usage: 
+------+----------+------+
|      |Cell      |Count |
+------+----------+------+
|1     |CARRY8    |    55|
|2     |LUT1      |   100|
|3     |LUT2      |   339|
|4     |LUT3      |   172|
|5     |LUT4      |   130|
|6     |LUT5      |   160|
|7     |LUT6      |   299|
|8     |MUXF7     |     4|
|9     |RAM256X1D |    16|
|10    |RAMB36E2  |     2|
|11    |FDCE      |   316|
|12    |FDPE      |    10|
|13    |FDRE      |   137|
|14    |FDSE      |    31|
+------+----------+------+

Report Instance Areas: 
+------+----------+----------------------------------------+------+
|      |Instance  |Module                                  |Cells |
+------+----------+----------------------------------------+------+
|1     |top       |                                        |  1771|
|2     |  u_emit  |quote_emitter                           |   115|
|3     |  u_enc   |adapter_order_encoder                   |    36|
|4     |  u_m0    |m0_multi_symbol                         |   929|
|5     |    u_ask |priority_array_k_packed__parameterized0 |   356|
|6     |    u_bid |priority_array_k_packed                 |   518|
|7     |  u_pos   |position_table                          |   152|
|8     |  u_risk  |adapter_risk_gateway                    |   122|
|9     |  u_strat |alpha_mm                                |   416|
+------+----------+----------------------------------------+------+
---------------------------------------------------------------------------------
Finished Writing Synthesis Report : Time (s): cpu = 00:00:14 ; elapsed = 00:00:14 . Memory (MB): peak = 3305.617 ; gain = 1811.742 ; free physical = 8318 ; free virtual = 18124
---------------------------------------------------------------------------------
Synthesis finished with 0 errors, 0 critical warnings and 61 warnings.
Synthesis Optimization Runtime : Time (s): cpu = 00:00:14 ; elapsed = 00:00:14 . Memory (MB): peak = 3305.617 ; gain = 1811.742 ; free physical = 8318 ; free virtual = 18124
Synthesis Optimization Complete : Time (s): cpu = 00:00:14 ; elapsed = 00:00:14 . Memory (MB): peak = 3305.625 ; gain = 1811.742 ; free physical = 8318 ; free virtual = 18124
INFO: [Project 1-571] Translating synthesized netlist
Netlist sorting complete. Time (s): cpu = 00:00:00.01 ; elapsed = 00:00:00.01 . Memory (MB): peak = 3320.492 ; gain = 0.000 ; free physical = 8404 ; free virtual = 18210
INFO: [Netlist 29-17] Analyzing 75 Unisim elements for replacement
INFO: [Netlist 29-28] Unisim Transformation completed in 0 CPU seconds
INFO: [Project 1-570] Preparing netlist for logic optimization
INFO: [Opt 31-138] Pushed 0 inverter(s) to 0 load pin(s).
Netlist sorting complete. Time (s): cpu = 00:00:00 ; elapsed = 00:00:00 . Memory (MB): peak = 3477.926 ; gain = 0.000 ; free physical = 8435 ; free virtual = 18241
INFO: [Project 1-111] Unisim Transformation Summary:
  A total of 16 instances were transformed.
  RAM256X1D => RAM256X1D (MUXF7(x4), MUXF8(x2), RAMD64E(x8)): 16 instances

Synth Design complete | Checksum: 70d2d87f
INFO: [Common 17-83] Releasing license: Synthesis
35 Infos, 61 Warnings, 0 Critical Warnings and 0 Errors encountered.
synth_design completed successfully
synth_design: Time (s): cpu = 00:00:17 ; elapsed = 00:00:17 . Memory (MB): peak = 3477.926 ; gain = 1989.996 ; free physical = 8435 ; free virtual = 18241
INFO: [Common 17-2834] synth_design peak Physical Memory [PSS] (MB): overall = 2939.286; main = 2939.286; forked = 323.887
INFO: [Common 17-2834] synth_design peak Virtual Memory [VSS] (MB): overall = 4117.824; main = 3477.930; forked = 925.016
# create_clock -name clk -period $TARGET_NS [get_ports clk]
# set_input_delay  0 -clock clk [all_inputs]
WARNING: [Constraints 18-6211] Setting input delay on a clock pin 'clk' relative to clock 'clk' defined on the same pin is not supported, ignoring it
# set_output_delay 0 -clock clk [all_outputs]
# opt_design
Command: opt_design
Attempting to get a license for feature 'Implementation' and/or device 'xcu50'
INFO: [Common 17-349] Got license for feature 'Implementation' and/or device 'xcu50'
Running DRC as a precondition to command opt_design

Starting DRC Task
INFO: [DRC 23-27] Running DRC with 8 threads
WARNING: [DRC 23-814] Not all possible (connectivity based) DRCs may have been run because this design is seen as Out of Context.
INFO: [Project 1-461] DRC finished with 0 Errors
INFO: [Project 1-462] Please refer to the DRC report (report_drc) for more information.

Time (s): cpu = 00:00:02 ; elapsed = 00:00:00.43 . Memory (MB): peak = 3562.738 ; gain = 84.812 ; free physical = 8508 ; free virtual = 18313

Starting Cache Timing Information Task
WARNING: [Constraints 18-6211] Setting input delay on a clock pin 'clk' relative to clock 'clk' defined on the same pin is not supported, ignoring it
INFO: [Timing 38-35] Done setting XDC timing constraints.
Ending Cache Timing Information Task | Checksum: 1cebfb6a0

Time (s): cpu = 00:00:05 ; elapsed = 00:00:05 . Memory (MB): peak = 4020.594 ; gain = 457.855 ; free physical = 8159 ; free virtual = 17982

Starting Logic Optimization Task

Phase 1 Initialization

Phase 1.1 Core Generation And Design Setup
Phase 1.1 Core Generation And Design Setup | Checksum: 1cebfb6a0

Time (s): cpu = 00:00:00 ; elapsed = 00:00:00 . Memory (MB): peak = 4298.500 ; gain = 0.000 ; free physical = 7957 ; free virtual = 17762

Phase 1.2 Setup Constraints And Sort Netlist
Phase 1.2 Setup Constraints And Sort Netlist | Checksum: 1cebfb6a0

Time (s): cpu = 00:00:00 ; elapsed = 00:00:00.01 . Memory (MB): peak = 4298.500 ; gain = 0.000 ; free physical = 7957 ; free virtual = 17762
Phase 1 Initialization | Checksum: 1cebfb6a0

Time (s): cpu = 00:00:00 ; elapsed = 00:00:00.01 . Memory (MB): peak = 4298.500 ; gain = 0.000 ; free physical = 7957 ; free virtual = 17762

Phase 2 Timer Update And Timing Data Collection

Phase 2.1 Timer Update
Phase 2.1 Timer Update | Checksum: 1cebfb6a0

Time (s): cpu = 00:00:00.07 ; elapsed = 00:00:00.03 . Memory (MB): peak = 4298.500 ; gain = 0.000 ; free physical = 7957 ; free virtual = 17762

Phase 2.2 Timing Data Collection
Phase 2.2 Timing Data Collection | Checksum: 1cebfb6a0

Time (s): cpu = 00:00:00.07 ; elapsed = 00:00:00.03 . Memory (MB): peak = 4298.500 ; gain = 0.000 ; free physical = 7957 ; free virtual = 17762
Phase 2 Timer Update And Timing Data Collection | Checksum: 1cebfb6a0

Time (s): cpu = 00:00:00.07 ; elapsed = 00:00:00.03 . Memory (MB): peak = 4298.500 ; gain = 0.000 ; free physical = 7957 ; free virtual = 17762

Phase 3 Retarget
INFO: [Opt 31-1851] Number of loadless carry chains removed were: 0
INFO: [Opt 31-1834] Total Chains To Be Transformed Were: 0 AND Number of Transformed insts Created are: 0
INFO: [Opt 31-138] Pushed 1 inverter(s) to 326 load pin(s).
INFO: [Opt 31-49] Retargeted 0 cell(s).
Phase 3 Retarget | Checksum: 23c328c86

Time (s): cpu = 00:00:00.16 ; elapsed = 00:00:00.08 . Memory (MB): peak = 4298.500 ; gain = 0.000 ; free physical = 7957 ; free virtual = 17762
Retarget | Checksum: 23c328c86
INFO: [Opt 31-389] Phase Retarget created 0 cells and removed 1 cells

Phase 4 Constant propagation
INFO: [Opt 31-138] Pushed 0 inverter(s) to 0 load pin(s).
Phase 4 Constant propagation | Checksum: 1c104e0af

Time (s): cpu = 00:00:00.17 ; elapsed = 00:00:00.09 . Memory (MB): peak = 4298.500 ; gain = 0.000 ; free physical = 7957 ; free virtual = 17762
Constant propagation | Checksum: 1c104e0af
INFO: [Opt 31-389] Phase Constant propagation created 0 cells and removed 0 cells

Phase 5 Sweep
INFO: [Constraints 18-11670] Building netlist checker database with flags, 0x8
Done building netlist checker database: Time (s): cpu = 00:00:00 ; elapsed = 00:00:00 . Memory (MB): peak = 4298.500 ; gain = 0.000 ; free physical = 7957 ; free virtual = 17762
Phase 5 Sweep | Checksum: 1bbe73616

Time (s): cpu = 00:00:00.18 ; elapsed = 00:00:00.1 . Memory (MB): peak = 4298.500 ; gain = 0.000 ; free physical = 7957 ; free virtual = 17762
Sweep | Checksum: 1bbe73616
INFO: [Opt 31-389] Phase Sweep created 0 cells and removed 0 cells

Phase 6 BUFG optimization
INFO: [Opt 31-1077] Phase BUFG optimization inserted 0 global clock buffer(s) for CLOCK_LOW_FANOUT.
Phase 6 BUFG optimization | Checksum: 1bbe73616

Time (s): cpu = 00:00:00.18 ; elapsed = 00:00:00.11 . Memory (MB): peak = 4330.516 ; gain = 32.016 ; free physical = 7957 ; free virtual = 17762
BUFG optimization | Checksum: 1bbe73616
INFO: [Opt 31-662] Phase BUFG optimization created 0 cells of which 0 are BUFGs and removed 0 cells.

Phase 7 Shift Register Optimization
INFO: [Opt 31-1064] SRL Remap converted 0 SRLs to 0 registers and converted 0 registers of register chains to 0 SRLs
Phase 7 Shift Register Optimization | Checksum: 1bbe73616

Time (s): cpu = 00:00:00.19 ; elapsed = 00:00:00.11 . Memory (MB): peak = 4330.516 ; gain = 32.016 ; free physical = 7957 ; free virtual = 17762
Shift Register Optimization | Checksum: 1bbe73616
INFO: [Opt 31-389] Phase Shift Register Optimization created 0 cells and removed 0 cells

Phase 8 Post Processing Netlist
Phase 8 Post Processing Netlist | Checksum: 1bbe73616

Time (s): cpu = 00:00:00.19 ; elapsed = 00:00:00.12 . Memory (MB): peak = 4330.516 ; gain = 32.016 ; free physical = 7957 ; free virtual = 17762
Post Processing Netlist | Checksum: 1bbe73616
INFO: [Opt 31-389] Phase Post Processing Netlist created 0 cells and removed 0 cells

Phase 9 Finalization

Phase 9.1 Finalizing Design Cores and Updating Shapes
Phase 9.1 Finalizing Design Cores and Updating Shapes | Checksum: 22bc7eb63

Time (s): cpu = 00:00:00.25 ; elapsed = 00:00:00.14 . Memory (MB): peak = 4330.516 ; gain = 32.016 ; free physical = 7957 ; free virtual = 17762

Phase 9.2 Verifying Netlist Connectivity

Starting Connectivity Check Task

Time (s): cpu = 00:00:00 ; elapsed = 00:00:00 . Memory (MB): peak = 4330.516 ; gain = 0.000 ; free physical = 7957 ; free virtual = 17762
Phase 9.2 Verifying Netlist Connectivity | Checksum: 22bc7eb63

Time (s): cpu = 00:00:00.25 ; elapsed = 00:00:00.14 . Memory (MB): peak = 4330.516 ; gain = 32.016 ; free physical = 7957 ; free virtual = 17762
Phase 9 Finalization | Checksum: 22bc7eb63

Time (s): cpu = 00:00:00.25 ; elapsed = 00:00:00.14 . Memory (MB): peak = 4330.516 ; gain = 32.016 ; free physical = 7957 ; free virtual = 17762
Opt_design Change Summary
=========================


-------------------------------------------------------------------------------------------------------------------------
|  Phase                        |  #Cells created  |  #Cells Removed  |  #Constrained objects preventing optimizations  |
-------------------------------------------------------------------------------------------------------------------------
|  Retarget                     |               0  |               1  |                                              0  |
|  Constant propagation         |               0  |               0  |                                              0  |
|  Sweep                        |               0  |               0  |                                              0  |
|  BUFG optimization            |               0  |               0  |                                              0  |
|  Shift Register Optimization  |               0  |               0  |                                              0  |
|  Post Processing Netlist      |               0  |               0  |                                              0  |
-------------------------------------------------------------------------------------------------------------------------


Ending Logic Optimization Task | Checksum: 22bc7eb63

Time (s): cpu = 00:00:00.25 ; elapsed = 00:00:00.14 . Memory (MB): peak = 4330.516 ; gain = 32.016 ; free physical = 7957 ; free virtual = 17762

Starting Power Optimization Task
INFO: [Pwropt 34-132] Skipping clock gating for clocks with a period < 2.00 ns.
INFO: [Pwropt 34-9] Applying IDT optimizations ...
INFO: [Pwropt 34-10] Applying ODC optimizations ...
WARNING: [Constraints 18-6211] Setting input delay on a clock pin 'clk' relative to clock 'clk' defined on the same pin is not supported, ignoring it
INFO: [Timing 38-35] Done setting XDC timing constraints.
Running Vector-less Activity Propagation...

Finished Running Vector-less Activity Propagation


Starting PowerOpt Patch Enables Task
INFO: [Pwropt 34-162] WRITE_MODE attribute of 0 BRAM(s) out of a total of 2 has been updated to save power. Run report_power_opt to get a complete listing of the BRAMs updated.
INFO: [Pwropt 34-201] Structural ODC has moved 2 WE to EN ports
Number of BRAM Ports augmented: 0 newly gated: 2 Total Ports: 4
Ending PowerOpt Patch Enables Task | Checksum: 14c8d066f

Time (s): cpu = 00:00:00.02 ; elapsed = 00:00:00.02 . Memory (MB): peak = 4490.617 ; gain = 0.000 ; free physical = 7921 ; free virtual = 17727
Ending Power Optimization Task | Checksum: 14c8d066f

Time (s): cpu = 00:00:02 ; elapsed = 00:00:00.97 . Memory (MB): peak = 4490.617 ; gain = 160.102 ; free physical = 7921 ; free virtual = 17727

Starting Final Cleanup Task
Ending Final Cleanup Task | Checksum: 14c8d066f

Time (s): cpu = 00:00:00 ; elapsed = 00:00:00 . Memory (MB): peak = 4490.617 ; gain = 0.000 ; free physical = 7921 ; free virtual = 17727

Starting Netlist Obfuscation Task
Netlist sorting complete. Time (s): cpu = 00:00:00 ; elapsed = 00:00:00 . Memory (MB): peak = 4490.617 ; gain = 0.000 ; free physical = 7921 ; free virtual = 17727
Ending Netlist Obfuscation Task | Checksum: 155335d8d

Time (s): cpu = 00:00:00.01 ; elapsed = 00:00:00 . Memory (MB): peak = 4490.617 ; gain = 0.000 ; free physical = 7921 ; free virtual = 17727
INFO: [Common 17-83] Releasing license: Implementation
26 Infos, 3 Warnings, 0 Critical Warnings and 0 Errors encountered.
opt_design completed successfully
opt_design: Time (s): cpu = 00:00:10 ; elapsed = 00:00:08 . Memory (MB): peak = 4490.617 ; gain = 1012.691 ; free physical = 7921 ; free virtual = 17727
# place_design
Command: place_design
Attempting to get a license for feature 'Implementation' and/or device 'xcu50'
INFO: [Common 17-349] Got license for feature 'Implementation' and/or device 'xcu50'
INFO: [Common 17-83] Releasing license: Implementation
INFO: [DRC 23-27] Running DRC with 8 threads
WARNING: [DRC 23-814] Not all possible (connectivity based) DRCs may have been run because this design is seen as Out of Context.
INFO: [Vivado_Tcl 4-198] DRC finished with 0 Errors
INFO: [Vivado_Tcl 4-199] Please refer to the DRC report (report_drc) for more information.
Running DRC as a precondition to command place_design
INFO: [DRC 23-27] Running DRC with 8 threads
WARNING: [DRC 23-814] Not all possible (connectivity based) DRCs may have been run because this design is seen as Out of Context.
INFO: [Vivado_Tcl 4-198] DRC finished with 0 Errors
INFO: [Vivado_Tcl 4-199] Please refer to the DRC report (report_drc) for more information.
INFO: [Place 30-611] Multithreading enabled for place_design using a maximum of 8 CPUs

Starting Placer Task

Phase 1 Placer Initialization

Phase 1.1 Placer Initialization Netlist Sorting
Netlist sorting complete. Time (s): cpu = 00:00:00 ; elapsed = 00:00:00 . Memory (MB): peak = 4490.617 ; gain = 0.000 ; free physical = 7913 ; free virtual = 17718
Phase 1.1 Placer Initialization Netlist Sorting | Checksum: 116343874

Time (s): cpu = 00:00:00 ; elapsed = 00:00:00 . Memory (MB): peak = 4490.617 ; gain = 0.000 ; free physical = 7913 ; free virtual = 17718
Netlist sorting complete. Time (s): cpu = 00:00:00 ; elapsed = 00:00:00 . Memory (MB): peak = 4490.617 ; gain = 0.000 ; free physical = 7913 ; free virtual = 17718

Phase 1.2 IO Placement/ Clock Placement/ Build Placer Device
WARNING: [Constraints 18-6211] Setting input delay on a clock pin 'clk' relative to clock 'clk' defined on the same pin is not supported, ignoring it
INFO: [Timing 38-35] Done setting XDC timing constraints.
Phase 1.2 IO Placement/ Clock Placement/ Build Placer Device | Checksum: 1a7f11af0

Time (s): cpu = 00:00:10 ; elapsed = 00:00:10 . Memory (MB): peak = 4828.863 ; gain = 338.246 ; free physical = 7368 ; free virtual = 17173

Phase 1.3 Build Placer Netlist Model
Phase 1.3 Build Placer Netlist Model | Checksum: 27bea7425

Time (s): cpu = 00:00:12 ; elapsed = 00:00:11 . Memory (MB): peak = 4983.879 ; gain = 493.262 ; free physical = 7241 ; free virtual = 17047

Phase 1.4 Constrain Clocks/Macros
Phase 1.4 Constrain Clocks/Macros | Checksum: 27bea7425

Time (s): cpu = 00:00:12 ; elapsed = 00:00:11 . Memory (MB): peak = 4983.879 ; gain = 493.262 ; free physical = 7241 ; free virtual = 17047
Phase 1 Placer Initialization | Checksum: 27bea7425

Time (s): cpu = 00:00:12 ; elapsed = 00:00:11 . Memory (MB): peak = 4983.879 ; gain = 493.262 ; free physical = 7241 ; free virtual = 17047

Phase 2 Global Placement

Phase 2.1 Floorplanning

Phase 2.1.1 Partition Driven Placement

Phase 2.1.1.1 PBP: Partition Driven Placement
Phase 2.1.1.1 PBP: Partition Driven Placement | Checksum: 23f6325b7

Time (s): cpu = 00:00:12 ; elapsed = 00:00:11 . Memory (MB): peak = 4983.879 ; gain = 493.262 ; free physical = 7279 ; free virtual = 17085

Phase 2.1.1.2 PBP: Clock Region Placement
INFO: [Place 30-3164] Check ILP status : ILP-based clock placer is skipped.
Phase 2.1.1.2 PBP: Clock Region Placement | Checksum: 23f6325b7

Time (s): cpu = 00:00:12 ; elapsed = 00:00:11 . Memory (MB): peak = 4983.879 ; gain = 493.262 ; free physical = 7232 ; free virtual = 17084

Phase 2.1.1.3 PBP: Compute Congestion
Phase 2.1.1.3 PBP: Compute Congestion | Checksum: 23f6325b7

Time (s): cpu = 00:00:24 ; elapsed = 00:00:15 . Memory (MB): peak = 5375.863 ; gain = 885.246 ; free physical = 6813 ; free virtual = 16620

Phase 2.1.1.4 PBP: UpdateTiming
Phase 2.1.1.4 PBP: UpdateTiming | Checksum: 27aabe3c4

Time (s): cpu = 00:00:24 ; elapsed = 00:00:15 . Memory (MB): peak = 5407.879 ; gain = 917.262 ; free physical = 6813 ; free virtual = 16619

Phase 2.1.1.5 PBP: Add part constraints
Phase 2.1.1.5 PBP: Add part constraints | Checksum: 27aabe3c4

Time (s): cpu = 00:00:24 ; elapsed = 00:00:15 . Memory (MB): peak = 5407.879 ; gain = 917.262 ; free physical = 6813 ; free virtual = 16619
Phase 2.1.1 Partition Driven Placement | Checksum: 27aabe3c4

Time (s): cpu = 00:00:24 ; elapsed = 00:00:15 . Memory (MB): peak = 5407.879 ; gain = 917.262 ; free physical = 6813 ; free virtual = 16619
Phase 2.1 Floorplanning | Checksum: 27aabe3c4

Time (s): cpu = 00:00:24 ; elapsed = 00:00:15 . Memory (MB): peak = 5407.879 ; gain = 917.262 ; free physical = 6813 ; free virtual = 16619

Phase 2.2 Physical Synthesis After Floorplan
INFO: [Physopt 32-775] End 1 Pass. Optimized 0 net or cell. Created 0 new cell, deleted 0 existing cell and moved 0 existing cell
Netlist sorting complete. Time (s): cpu = 00:00:00 ; elapsed = 00:00:00 . Memory (MB): peak = 5407.879 ; gain = 0.000 ; free physical = 6813 ; free virtual = 16619

Summary of Physical Synthesis Optimizations
============================================


-----------------------------------------------------------------------------------------------------------------------------------------------
|  Optimization                         |  Added Cells  |  Removed Cells  |  Optimized Cells/Nets  |  Dont Touch  |  Iterations  |  Elapsed   |
-----------------------------------------------------------------------------------------------------------------------------------------------
|  PSIP Post Floorplan SLR Replication  |            0  |              0  |                     0  |           0  |           1  |  00:00:00  |
|  Total                                |            0  |              0  |                     0  |           0  |           1  |  00:00:00  |
-----------------------------------------------------------------------------------------------------------------------------------------------


Phase 2.2 Physical Synthesis After Floorplan | Checksum: 27aabe3c4

Time (s): cpu = 00:00:24 ; elapsed = 00:00:15 . Memory (MB): peak = 5407.879 ; gain = 917.262 ; free physical = 6813 ; free virtual = 16619

Phase 2.3 Update Timing before SLR Path Opt
Phase 2.3 Update Timing before SLR Path Opt | Checksum: 27aabe3c4

Time (s): cpu = 00:00:24 ; elapsed = 00:00:15 . Memory (MB): peak = 5407.879 ; gain = 917.262 ; free physical = 6813 ; free virtual = 16619

Phase 2.4 Post-Processing in Floorplanning
Phase 2.4 Post-Processing in Floorplanning | Checksum: 27aabe3c4

Time (s): cpu = 00:00:24 ; elapsed = 00:00:15 . Memory (MB): peak = 5407.879 ; gain = 917.262 ; free physical = 6813 ; free virtual = 16619

Phase 2.5 Global Place Phase1
Phase 2.5 Global Place Phase1 | Checksum: 21fdd01b6

Time (s): cpu = 00:00:54 ; elapsed = 00:00:27 . Memory (MB): peak = 5774.898 ; gain = 1284.281 ; free physical = 6654 ; free virtual = 16459

Phase 2.6 Global Place Phase2

Phase 2.6.1 UpdateTiming Before Physical Synthesis
Phase 2.6.1 UpdateTiming Before Physical Synthesis | Checksum: 2817cc67b

Time (s): cpu = 00:00:54 ; elapsed = 00:00:27 . Memory (MB): peak = 5774.898 ; gain = 1284.281 ; free physical = 6653 ; free virtual = 16459

Phase 2.6.2 Physical Synthesis In Placer
INFO: [Physopt 32-1035] Found 0 LUTNM shape to break, 52 LUT instances to create LUTNM shape
INFO: [Physopt 32-1044] Break lutnm for timing: one critical 0, two critical 0, total 0, new lutff created 0
INFO: [Physopt 32-1138] End 1 Pass. Optimized 20 nets or LUTs. Breaked 0 LUT, combined 20 existing LUTs and moved 0 existing LUT
INFO: [Physopt 32-69] No nets found for rewiring optimization.
INFO: [Physopt 32-661] Optimized 0 net.  Re-placed 0 instance.
INFO: [Physopt 32-775] End 1 Pass. Optimized 0 net or cell. Created 0 new cell, deleted 0 existing cell and moved 0 existing cell
INFO: [Physopt 32-65] No nets found for high-fanout optimization.
INFO: [Physopt 32-232] Optimized 0 net. Created 0 new instance.
INFO: [Physopt 32-775] End 1 Pass. Optimized 0 net or cell. Created 0 new cell, deleted 0 existing cell and moved 0 existing cell
INFO: [Physopt 32-456] No candidate cells for DSP register optimization found in the design.
INFO: [Physopt 32-775] End 2 Pass. Optimized 0 net or cell. Created 0 new cell, deleted 0 existing cell and moved 0 existing cell
INFO: [Physopt 32-1123] No candidate cells found for Shift Register to Pipeline optimization
INFO: [Physopt 32-775] End 2 Pass. Optimized 0 net or cell. Created 0 new cell, deleted 0 existing cell and moved 0 existing cell
INFO: [Physopt 32-1401] No candidate cells found for Shift Register optimization.
INFO: [Physopt 32-677] No candidate cells for Shift Register optimization found in the design
INFO: [Physopt 32-775] End 1 Pass. Optimized 0 net or cell. Created 0 new cell, deleted 0 existing cell and moved 0 existing cell
INFO: [Physopt 32-526] No candidate cells for BRAM register optimization found in the design
INFO: [Physopt 32-775] End 1 Pass. Optimized 0 net or cell. Created 0 new cell, deleted 0 existing cell and moved 0 existing cell
INFO: [Physopt 32-846] No candidate cells for URAM register optimization found in the design
INFO: [Physopt 32-775] End 1 Pass. Optimized 0 net or cell. Created 0 new cell, deleted 0 existing cell and moved 0 existing cell
INFO: [Physopt 32-846] No candidate cells for URAM register optimization found in the design
INFO: [Physopt 32-775] End 1 Pass. Optimized 0 net or cell. Created 0 new cell, deleted 0 existing cell and moved 0 existing cell
INFO: [Physopt 32-949] No candidate nets found for dynamic/static region interface net replication
INFO: [Physopt 32-775] End 1 Pass. Optimized 0 net or cell. Created 0 new cell, deleted 0 existing cell and moved 0 existing cell
Netlist sorting complete. Time (s): cpu = 00:00:00 ; elapsed = 00:00:00 . Memory (MB): peak = 5774.898 ; gain = 0.000 ; free physical = 6654 ; free virtual = 16459

Summary of Physical Synthesis Optimizations
============================================


-----------------------------------------------------------------------------------------------------------------------------------------------------------
|  Optimization                                     |  Added Cells  |  Removed Cells  |  Optimized Cells/Nets  |  Dont Touch  |  Iterations  |  Elapsed   |
-----------------------------------------------------------------------------------------------------------------------------------------------------------
|  LUT Combining                                    |            0  |             20  |                    20  |           0  |           1  |  00:00:00  |
|  Retime                                           |            0  |              0  |                     0  |           0  |           1  |  00:00:00  |
|  Equivalent Driver Rewiring                       |            0  |              0  |                     0  |           0  |           1  |  00:00:00  |
|  Very High Fanout                                 |            0  |              0  |                     0  |           0  |           1  |  00:00:00  |
|  DSP Register                                     |            0  |              0  |                     0  |           0  |           1  |  00:00:00  |
|  Shift Register to Pipeline                       |            0  |              0  |                     0  |           0  |           1  |  00:00:00  |
|  Shift Register                                   |            0  |              0  |                     0  |           0  |           1  |  00:00:00  |
|  BRAM Register                                    |            0  |              0  |                     0  |           0  |           1  |  00:00:00  |
|  URAM Register                                    |            0  |              0  |                     0  |           0  |           1  |  00:00:00  |
|  Dynamic/Static Region Interface Net Replication  |            0  |              0  |                     0  |           0  |           1  |  00:00:00  |
|  Total                                            |            0  |             20  |                    20  |           0  |          10  |  00:00:00  |
-----------------------------------------------------------------------------------------------------------------------------------------------------------


Phase 2.6.2 Physical Synthesis In Placer | Checksum: 28331f547

Time (s): cpu = 00:00:55 ; elapsed = 00:00:28 . Memory (MB): peak = 5774.898 ; gain = 1284.281 ; free physical = 6670 ; free virtual = 16476
Phase 2.6 Global Place Phase2 | Checksum: 26d914b87

Time (s): cpu = 00:01:18 ; elapsed = 00:00:35 . Memory (MB): peak = 5774.898 ; gain = 1284.281 ; free physical = 6542 ; free virtual = 16348
Phase 2 Global Placement | Checksum: 26d914b87

Time (s): cpu = 00:01:18 ; elapsed = 00:00:35 . Memory (MB): peak = 5774.898 ; gain = 1284.281 ; free physical = 6542 ; free virtual = 16347

Phase 3 Detail Placement

Phase 3.1 Commit Multi Column Macros
Phase 3.1 Commit Multi Column Macros | Checksum: 285ab9e9b

Time (s): cpu = 00:01:29 ; elapsed = 00:00:38 . Memory (MB): peak = 5774.898 ; gain = 1284.281 ; free physical = 6623 ; free virtual = 16429

Phase 3.2 Commit Most Macros & LUTRAMs
Phase 3.2 Commit Most Macros & LUTRAMs | Checksum: 1e944690c

Time (s): cpu = 00:01:30 ; elapsed = 00:00:39 . Memory (MB): peak = 5774.898 ; gain = 1284.281 ; free physical = 6624 ; free virtual = 16430

Phase 3.3 Small Shape DP

Phase 3.3.1 Small Shape Clustering
Phase 3.3.1 Small Shape Clustering | Checksum: 248bd52b8

Time (s): cpu = 00:01:42 ; elapsed = 00:00:42 . Memory (MB): peak = 5774.898 ; gain = 1284.281 ; free physical = 6592 ; free virtual = 16398

Phase 3.3.2 Slice Area Swap

Phase 3.3.2.1 Slice Area Swap Initial
Phase 3.3.2.1 Slice Area Swap Initial | Checksum: 1e44682a4

Time (s): cpu = 00:01:42 ; elapsed = 00:00:42 . Memory (MB): peak = 5774.898 ; gain = 1284.281 ; free physical = 6605 ; free virtual = 16410
Phase 3.3.2 Slice Area Swap | Checksum: 1d2270f06

Time (s): cpu = 00:01:42 ; elapsed = 00:00:43 . Memory (MB): peak = 5774.898 ; gain = 1284.281 ; free physical = 6606 ; free virtual = 16412
Phase 3.3 Small Shape DP | Checksum: 2eebfb39b

Time (s): cpu = 00:01:42 ; elapsed = 00:00:43 . Memory (MB): peak = 5774.898 ; gain = 1284.281 ; free physical = 6606 ; free virtual = 16412

Phase 3.4 Re-assign LUT pins
Phase 3.4 Re-assign LUT pins | Checksum: 2f3edc2e5

Time (s): cpu = 00:01:42 ; elapsed = 00:00:43 . Memory (MB): peak = 5774.898 ; gain = 1284.281 ; free physical = 6606 ; free virtual = 16412

Phase 3.5 Pipeline Register Optimization
Phase 3.5 Pipeline Register Optimization | Checksum: 286b8b8db

Time (s): cpu = 00:01:42 ; elapsed = 00:00:43 . Memory (MB): peak = 5774.898 ; gain = 1284.281 ; free physical = 6606 ; free virtual = 16412
Phase 3 Detail Placement | Checksum: 286b8b8db

Time (s): cpu = 00:01:42 ; elapsed = 00:00:43 . Memory (MB): peak = 5774.898 ; gain = 1284.281 ; free physical = 6606 ; free virtual = 16412

Phase 4 Post Placement Optimization and Clean-Up

Phase 4.1 Post Commit Optimization
WARNING: [Constraints 18-6211] Setting input delay on a clock pin 'clk' relative to clock 'clk' defined on the same pin is not supported, ignoring it
INFO: [Timing 38-35] Done setting XDC timing constraints.

Phase 4.1.1 Post Placement Optimization
Post Placement Optimization Initialization | Checksum: 2674f6a84

Phase 4.1.1.1 BUFG Insertion

Starting Physical Synthesis Task

Phase 1 Physical Synthesis Initialization
INFO: [Physopt 32-721] Multithreading enabled for phys_opt_design using a maximum of 8 CPUs
INFO: [Physopt 32-619] Estimated Timing Summary | WNS=0.316 | TNS=0.000 |
Phase 1 Physical Synthesis Initialization | Checksum: 140749c9c

Time (s): cpu = 00:00:00.08 ; elapsed = 00:00:00.04 . Memory (MB): peak = 5774.898 ; gain = 0.000 ; free physical = 6437 ; free virtual = 16242
INFO: [Place 46-56] BUFG insertion identified 0 candidate nets. Inserted BUFG: 0, Replicated BUFG Driver: 0, Skipped due to Placement/Routing Conflicts: 0, Skipped due to Timing Degradation: 0, Skipped due to netlist editing failed: 0.
Ending Physical Synthesis Task | Checksum: 24c45020c

Time (s): cpu = 00:00:00.11 ; elapsed = 00:00:00.06 . Memory (MB): peak = 5774.898 ; gain = 0.000 ; free physical = 6429 ; free virtual = 16234
Phase 4.1.1.1 BUFG Insertion | Checksum: 2674f6a84

Time (s): cpu = 00:01:54 ; elapsed = 00:00:47 . Memory (MB): peak = 5774.898 ; gain = 1284.281 ; free physical = 6429 ; free virtual = 16234

Phase 4.1.1.2 BUFG Replication
INFO: [Place 46-63] BUFG replication identified 0 candidate nets: Replicated nets: 0, Replicated BUFGs: 0, Replicated BUFG Driver: 0, moved BUFGs: 0, Skipped due to Placement / Routing Conflict: 0, Skipped due to Timing: 0, Skipped due to constraints: 0
Phase 4.1.1.2 BUFG Replication | Checksum: 2674f6a84

Time (s): cpu = 00:01:54 ; elapsed = 00:00:47 . Memory (MB): peak = 5774.898 ; gain = 1284.281 ; free physical = 6429 ; free virtual = 16235

Phase 4.1.1.3 Post Placement Timing Optimization
INFO: [Place 30-746] Post Placement Timing Summary WNS=0.502. For the most accurate timing information please run report_timing.
Phase 4.1.1.3 Post Placement Timing Optimization | Checksum: 2ccd24fb5

Time (s): cpu = 00:01:56 ; elapsed = 00:00:48 . Memory (MB): peak = 5774.898 ; gain = 1284.281 ; free physical = 6642 ; free virtual = 16447

Phase 4.1.1.4 Replication
INFO: [Place 46-19] Post Replication Timing Summary WNS=0.502. For the most accurate timing information please run report_timing.
Phase 4.1.1.4 Replication | Checksum: 2ccd24fb5

Time (s): cpu = 00:01:56 ; elapsed = 00:00:48 . Memory (MB): peak = 5774.898 ; gain = 1284.281 ; free physical = 6642 ; free virtual = 16447

Time (s): cpu = 00:01:56 ; elapsed = 00:00:48 . Memory (MB): peak = 5774.898 ; gain = 1284.281 ; free physical = 6642 ; free virtual = 16447
Phase 4.1 Post Commit Optimization | Checksum: 2ccd24fb5

Time (s): cpu = 00:01:56 ; elapsed = 00:00:48 . Memory (MB): peak = 5774.898 ; gain = 1284.281 ; free physical = 6642 ; free virtual = 16447

Phase 4.2 Post Placement Cleanup
Phase 4.2 Post Placement Cleanup | Checksum: 2ccd24fb5

Time (s): cpu = 00:02:17 ; elapsed = 00:01:01 . Memory (MB): peak = 5774.898 ; gain = 1284.281 ; free physical = 6652 ; free virtual = 16458

Phase 4.3 Placer Reporting

Phase 4.3.1 Print Estimated Congestion
INFO: [Place 30-612] Post-Placement Estimated Congestion 
 ________________________________________________________________________
|           | Global Congestion | Long Congestion   | Short Congestion  |
| Direction | Region Size       | Region Size       | Region Size       |
|___________|___________________|___________________|___________________|
|      North|                1x1|                1x1|                1x1|
|___________|___________________|___________________|___________________|
|      South|                1x1|                1x1|                1x1|
|___________|___________________|___________________|___________________|
|       East|                1x1|                1x1|                1x1|
|___________|___________________|___________________|___________________|
|       West|                1x1|                1x1|                1x1|
|___________|___________________|___________________|___________________|

SLR0:
 ________________________________________________________________________
|           | Global Congestion | Long Congestion   | Short Congestion  |
| Direction | Region Size       | Region Size       | Region Size       |
|___________|___________________|___________________|___________________|
|      North|                1x1|                1x1|                1x1|
|___________|___________________|___________________|___________________|
|      South|                1x1|                1x1|                1x1|
|___________|___________________|___________________|___________________|
|       East|                1x1|                1x1|                1x1|
|___________|___________________|___________________|___________________|
|       West|                1x1|                1x1|                1x1|
|___________|___________________|___________________|___________________|

SLR1:
 ________________________________________________________________________
|           | Global Congestion | Long Congestion   | Short Congestion  |
| Direction | Region Size       | Region Size       | Region Size       |
|___________|___________________|___________________|___________________|
|      North|                1x1|                1x1|                1x1|
|___________|___________________|___________________|___________________|
|      South|                1x1|                1x1|                1x1|
|___________|___________________|___________________|___________________|
|       East|                1x1|                1x1|                1x1|
|___________|___________________|___________________|___________________|
|       West|                1x1|                1x1|                1x1|
|___________|___________________|___________________|___________________|

Phase 4.3.1 Print Estimated Congestion | Checksum: 2ccd24fb5

Time (s): cpu = 00:02:17 ; elapsed = 00:01:01 . Memory (MB): peak = 5774.898 ; gain = 1284.281 ; free physical = 6652 ; free virtual = 16458
Phase 4.3 Placer Reporting | Checksum: 2ccd24fb5

Time (s): cpu = 00:02:17 ; elapsed = 00:01:01 . Memory (MB): peak = 5774.898 ; gain = 1284.281 ; free physical = 6652 ; free virtual = 16458

Phase 4.4 Final Placement Cleanup
Netlist sorting complete. Time (s): cpu = 00:00:00 ; elapsed = 00:00:00 . Memory (MB): peak = 5774.898 ; gain = 0.000 ; free physical = 6652 ; free virtual = 16458

Time (s): cpu = 00:02:17 ; elapsed = 00:01:01 . Memory (MB): peak = 5774.898 ; gain = 1284.281 ; free physical = 6652 ; free virtual = 16458
Phase 4 Post Placement Optimization and Clean-Up | Checksum: 307a6dd67

Time (s): cpu = 00:02:17 ; elapsed = 00:01:01 . Memory (MB): peak = 5774.898 ; gain = 1284.281 ; free physical = 6652 ; free virtual = 16458
Ending Placer Task | Checksum: 247be0c98

Time (s): cpu = 00:02:17 ; elapsed = 00:01:01 . Memory (MB): peak = 5774.898 ; gain = 1284.281 ; free physical = 6652 ; free virtual = 16458
44 Infos, 4 Warnings, 0 Critical Warnings and 0 Errors encountered.
place_design completed successfully
place_design: Time (s): cpu = 00:02:22 ; elapsed = 00:01:02 . Memory (MB): peak = 5774.898 ; gain = 1284.281 ; free physical = 6652 ; free virtual = 16458
# route_design
Command: route_design
Attempting to get a license for feature 'Implementation' and/or device 'xcu50'
INFO: [Common 17-349] Got license for feature 'Implementation' and/or device 'xcu50'


Starting Routing Task
INFO: [Route 35-254] Multithreading enabled for route_design using a maximum of 8 CPUs

Phase 1 Build RT Design
Checksum: PlaceDB: bb4f2089 ConstDB: 0 ShapeSum: e24077a4 RouteDB: aa2e746b
Nodegraph reading from file.  Time (s): cpu = 00:00:01 ; elapsed = 00:00:01 . Memory (MB): peak = 5774.898 ; gain = 0.000 ; free physical = 6549 ; free virtual = 16355
WARNING: [Route 35-197] Clock port "clk" does not have an associated HD.CLK_SRC. Without this constraint, timing analysis may not be accurate and upstream checks cannot be done to ensure correct clock placement.
WARNING: [Route 35-198] Port "rst_n" does not have an associated HD.PARTPIN_LOCS, which will prevent the partial routing of the signal "rst_n". Without this partial route, timing analysis to/from this port will not be accurate, and no routing information for this port can be exported.
WARNING: [Route 35-198] Port "ofi_signal_i[30]" does not have an associated HD.PARTPIN_LOCS, which will prevent the partial routing of the signal "ofi_signal_i[30]". Without this partial route, timing analysis to/from this port will not be accurate, and no routing information for this port can be exported.
WARNING: [Route 35-198] Port "ofi_signal_i[29]" does not have an associated HD.PARTPIN_LOCS, which will prevent the partial routing of the signal "ofi_signal_i[29]". Without this partial route, timing analysis to/from this port will not be accurate, and no routing information for this port can be exported.
WARNING: [Route 35-198] Port "ofi_signal_i[28]" does not have an associated HD.PARTPIN_LOCS, which will prevent the partial routing of the signal "ofi_signal_i[28]". Without this partial route, timing analysis to/from this port will not be accurate, and no routing information for this port can be exported.
WARNING: [Route 35-198] Port "ofi_signal_i[27]" does not have an associated HD.PARTPIN_LOCS, which will prevent the partial routing of the signal "ofi_signal_i[27]". Without this partial route, timing analysis to/from this port will not be accurate, and no routing information for this port can be exported.
WARNING: [Route 35-198] Port "ofi_signal_i[31]" does not have an associated HD.PARTPIN_LOCS, which will prevent the partial routing of the signal "ofi_signal_i[31]". Without this partial route, timing analysis to/from this port will not be accurate, and no routing information for this port can be exported.
WARNING: [Route 35-198] Port "fill_delta_i[24]" does not have an associated HD.PARTPIN_LOCS, which will prevent the partial routing of the signal "fill_delta_i[24]". Without this partial route, timing analysis to/from this port will not be accurate, and no routing information for this port can be exported.
WARNING: [Route 35-198] Port "fill_delta_i[25]" does not have an associated HD.PARTPIN_LOCS, which will prevent the partial routing of the signal "fill_delta_i[25]". Without this partial route, timing analysis to/from this port will not be accurate, and no routing information for this port can be exported.
WARNING: [Route 35-198] Port "fill_delta_i[26]" does not have an associated HD.PARTPIN_LOCS, which will prevent the partial routing of the signal "fill_delta_i[26]". Without this partial route, timing analysis to/from this port will not be accurate, and no routing information for this port can be exported.
WARNING: [Route 35-198] Port "fill_delta_i[27]" does not have an associated HD.PARTPIN_LOCS, which will prevent the partial routing of the signal "fill_delta_i[27]". Without this partial route, timing analysis to/from this port will not be accurate, and no routing information for this port can be exported.
WARNING: [Route 35-198] Port "fill_delta_i[28]" does not have an associated HD.PARTPIN_LOCS, which will prevent the partial routing of the signal "fill_delta_i[28]". Without this partial route, timing analysis to/from this port will not be accurate, and no routing information for this port can be exported.
WARNING: [Route 35-198] Port "fill_delta_i[29]" does not have an associated HD.PARTPIN_LOCS, which will prevent the partial routing of the signal "fill_delta_i[29]". Without this partial route, timing analysis to/from this port will not be accurate, and no routing information for this port can be exported.
WARNING: [Route 35-198] Port "fill_delta_i[30]" does not have an associated HD.PARTPIN_LOCS, which will prevent the partial routing of the signal "fill_delta_i[30]". Without this partial route, timing analysis to/from this port will not be accurate, and no routing information for this port can be exported.
WARNING: [Route 35-198] Port "fill_delta_i[31]" does not have an associated HD.PARTPIN_LOCS, which will prevent the partial routing of the signal "fill_delta_i[31]". Without this partial route, timing analysis to/from this port will not be accurate, and no routing information for this port can be exported.
WARNING: [Route 35-198] Port "ofi_signal_i[26]" does not have an associated HD.PARTPIN_LOCS, which will prevent the partial routing of the signal "ofi_signal_i[26]". Without this partial route, timing analysis to/from this port will not be accurate, and no routing information for this port can be exported.
WARNING: [Route 35-198] Port "ofi_signal_i[25]" does not have an associated HD.PARTPIN_LOCS, which will prevent the partial routing of the signal "ofi_signal_i[25]". Without this partial route, timing analysis to/from this port will not be accurate, and no routing information for this port can be exported.
WARNING: [Route 35-198] Port "ofi_signal_i[24]" does not have an associated HD.PARTPIN_LOCS, which will prevent the partial routing of the signal "ofi_signal_i[24]". Without this partial route, timing analysis to/from this port will not be accurate, and no routing information for this port can be exported.
WARNING: [Route 35-198] Port "ofi_signal_i[23]" does not have an associated HD.PARTPIN_LOCS, which will prevent the partial routing of the signal "ofi_signal_i[23]". Without this partial route, timing analysis to/from this port will not be accurate, and no routing information for this port can be exported.
WARNING: [Route 35-198] Port "ofi_signal_i[22]" does not have an associated HD.PARTPIN_LOCS, which will prevent the partial routing of the signal "ofi_signal_i[22]". Without this partial route, timing analysis to/from this port will not be accurate, and no routing information for this port can be exported.
WARNING: [Route 35-198] Port "ofi_signal_i[21]" does not have an associated HD.PARTPIN_LOCS, which will prevent the partial routing of the signal "ofi_signal_i[21]". Without this partial route, timing analysis to/from this port will not be accurate, and no routing information for this port can be exported.
WARNING: [Route 35-198] Port "ofi_signal_i[20]" does not have an associated HD.PARTPIN_LOCS, which will prevent the partial routing of the signal "ofi_signal_i[20]". Without this partial route, timing analysis to/from this port will not be accurate, and no routing information for this port can be exported.
WARNING: [Route 35-198] Port "ofi_signal_i[19]" does not have an associated HD.PARTPIN_LOCS, which will prevent the partial routing of the signal "ofi_signal_i[19]". Without this partial route, timing analysis to/from this port will not be accurate, and no routing information for this port can be exported.
WARNING: [Route 35-198] Port "fill_sym_i[-1]" does not have an associated HD.PARTPIN_LOCS, which will prevent the partial routing of the signal "fill_sym_i[-1]". Without this partial route, timing analysis to/from this port will not be accurate, and no routing information for this port can be exported.
WARNING: [Route 35-198] Port "fill_sym_i[0]" does not have an associated HD.PARTPIN_LOCS, which will prevent the partial routing of the signal "fill_sym_i[0]". Without this partial route, timing analysis to/from this port will not be accurate, and no routing information for this port can be exported.
WARNING: [Route 35-198] Port "fill_valid_i" does not have an associated HD.PARTPIN_LOCS, which will prevent the partial routing of the signal "fill_valid_i". Without this partial route, timing analysis to/from this port will not be accurate, and no routing information for this port can be exported.
WARNING: [Route 35-198] Port "fill_delta_i[16]" does not have an associated HD.PARTPIN_LOCS, which will prevent the partial routing of the signal "fill_delta_i[16]". Without this partial route, timing analysis to/from this port will not be accurate, and no routing information for this port can be exported.
WARNING: [Route 35-198] Port "fill_delta_i[17]" does not have an associated HD.PARTPIN_LOCS, which will prevent the partial routing of the signal "fill_delta_i[17]". Without this partial route, timing analysis to/from this port will not be accurate, and no routing information for this port can be exported.
WARNING: [Route 35-198] Port "fill_delta_i[18]" does not have an associated HD.PARTPIN_LOCS, which will prevent the partial routing of the signal "fill_delta_i[18]". Without this partial route, timing analysis to/from this port will not be accurate, and no routing information for this port can be exported.
WARNING: [Route 35-198] Port "fill_delta_i[19]" does not have an associated HD.PARTPIN_LOCS, which will prevent the partial routing of the signal "fill_delta_i[19]". Without this partial route, timing analysis to/from this port will not be accurate, and no routing information for this port can be exported.
WARNING: [Route 35-198] Port "fill_delta_i[20]" does not have an associated HD.PARTPIN_LOCS, which will prevent the partial routing of the signal "fill_delta_i[20]". Without this partial route, timing analysis to/from this port will not be accurate, and no routing information for this port can be exported.
WARNING: [Route 35-198] Port "fill_delta_i[21]" does not have an associated HD.PARTPIN_LOCS, which will prevent the partial routing of the signal "fill_delta_i[21]". Without this partial route, timing analysis to/from this port will not be accurate, and no routing information for this port can be exported.
WARNING: [Route 35-198] Port "fill_delta_i[22]" does not have an associated HD.PARTPIN_LOCS, which will prevent the partial routing of the signal "fill_delta_i[22]". Without this partial route, timing analysis to/from this port will not be accurate, and no routing information for this port can be exported.
WARNING: [Route 35-198] Port "fill_delta_i[23]" does not have an associated HD.PARTPIN_LOCS, which will prevent the partial routing of the signal "fill_delta_i[23]". Without this partial route, timing analysis to/from this port will not be accurate, and no routing information for this port can be exported.
WARNING: [Route 35-198] Port "kill_switch_i" does not have an associated HD.PARTPIN_LOCS, which will prevent the partial routing of the signal "kill_switch_i". Without this partial route, timing analysis to/from this port will not be accurate, and no routing information for this port can be exported.
WARNING: [Route 35-198] Port "ofi_signal_i[12]" does not have an associated HD.PARTPIN_LOCS, which will prevent the partial routing of the signal "ofi_signal_i[12]". Without this partial route, timing analysis to/from this port will not be accurate, and no routing information for this port can be exported.
WARNING: [Route 35-198] Port "ofi_signal_i[13]" does not have an associated HD.PARTPIN_LOCS, which will prevent the partial routing of the signal "ofi_signal_i[13]". Without this partial route, timing analysis to/from this port will not be accurate, and no routing information for this port can be exported.
WARNING: [Route 35-198] Port "ofi_signal_i[14]" does not have an associated HD.PARTPIN_LOCS, which will prevent the partial routing of the signal "ofi_signal_i[14]". Without this partial route, timing analysis to/from this port will not be accurate, and no routing information for this port can be exported.
WARNING: [Route 35-198] Port "ofi_signal_i[18]" does not have an associated HD.PARTPIN_LOCS, which will prevent the partial routing of the signal "ofi_signal_i[18]". Without this partial route, timing analysis to/from this port will not be accurate, and no routing information for this port can be exported.
WARNING: [Route 35-198] Port "ofi_signal_i[17]" does not have an associated HD.PARTPIN_LOCS, which will prevent the partial routing of the signal "ofi_signal_i[17]". Without this partial route, timing analysis to/from this port will not be accurate, and no routing information for this port can be exported.
WARNING: [Route 35-198] Port "ofi_signal_i[16]" does not have an associated HD.PARTPIN_LOCS, which will prevent the partial routing of the signal "ofi_signal_i[16]". Without this partial route, timing analysis to/from this port will not be accurate, and no routing information for this port can be exported.
WARNING: [Route 35-198] Port "ofi_signal_i[15]" does not have an associated HD.PARTPIN_LOCS, which will prevent the partial routing of the signal "ofi_signal_i[15]". Without this partial route, timing analysis to/from this port will not be accurate, and no routing information for this port can be exported.
WARNING: [Route 35-198] Port "fill_delta_i[8]" does not have an associated HD.PARTPIN_LOCS, which will prevent the partial routing of the signal "fill_delta_i[8]". Without this partial route, timing analysis to/from this port will not be accurate, and no routing information for this port can be exported.
WARNING: [Route 35-198] Port "fill_delta_i[9]" does not have an associated HD.PARTPIN_LOCS, which will prevent the partial routing of the signal "fill_delta_i[9]". Without this partial route, timing analysis to/from this port will not be accurate, and no routing information for this port can be exported.
WARNING: [Route 35-198] Port "fill_delta_i[10]" does not have an associated HD.PARTPIN_LOCS, which will prevent the partial routing of the signal "fill_delta_i[10]". Without this partial route, timing analysis to/from this port will not be accurate, and no routing information for this port can be exported.
WARNING: [Route 35-198] Port "fill_delta_i[11]" does not have an associated HD.PARTPIN_LOCS, which will prevent the partial routing of the signal "fill_delta_i[11]". Without this partial route, timing analysis to/from this port will not be accurate, and no routing information for this port can be exported.
WARNING: [Route 35-198] Port "fill_delta_i[12]" does not have an associated HD.PARTPIN_LOCS, which will prevent the partial routing of the signal "fill_delta_i[12]". Without this partial route, timing analysis to/from this port will not be accurate, and no routing information for this port can be exported.
WARNING: [Route 35-198] Port "fill_delta_i[13]" does not have an associated HD.PARTPIN_LOCS, which will prevent the partial routing of the signal "fill_delta_i[13]". Without this partial route, timing analysis to/from this port will not be accurate, and no routing information for this port can be exported.
WARNING: [Route 35-198] Port "fill_delta_i[14]" does not have an associated HD.PARTPIN_LOCS, which will prevent the partial routing of the signal "fill_delta_i[14]". Without this partial route, timing analysis to/from this port will not be accurate, and no routing information for this port can be exported.
WARNING: [Route 35-198] Port "fill_delta_i[15]" does not have an associated HD.PARTPIN_LOCS, which will prevent the partial routing of the signal "fill_delta_i[15]". Without this partial route, timing analysis to/from this port will not be accurate, and no routing information for this port can be exported.
WARNING: [Route 35-198] Port "ofi_signal_i[4]" does not have an associated HD.PARTPIN_LOCS, which will prevent the partial routing of the signal "ofi_signal_i[4]". Without this partial route, timing analysis to/from this port will not be accurate, and no routing information for this port can be exported.
WARNING: [Route 35-198] Port "ofi_signal_i[5]" does not have an associated HD.PARTPIN_LOCS, which will prevent the partial routing of the signal "ofi_signal_i[5]". Without this partial route, timing analysis to/from this port will not be accurate, and no routing information for this port can be exported.
WARNING: [Route 35-198] Port "ofi_signal_i[6]" does not have an associated HD.PARTPIN_LOCS, which will prevent the partial routing of the signal "ofi_signal_i[6]". Without this partial route, timing analysis to/from this port will not be accurate, and no routing information for this port can be exported.
WARNING: [Route 35-198] Port "ofi_signal_i[7]" does not have an associated HD.PARTPIN_LOCS, which will prevent the partial routing of the signal "ofi_signal_i[7]". Without this partial route, timing analysis to/from this port will not be accurate, and no routing information for this port can be exported.
WARNING: [Route 35-198] Port "ofi_signal_i[8]" does not have an associated HD.PARTPIN_LOCS, which will prevent the partial routing of the signal "ofi_signal_i[8]". Without this partial route, timing analysis to/from this port will not be accurate, and no routing information for this port can be exported.
WARNING: [Route 35-198] Port "ofi_signal_i[9]" does not have an associated HD.PARTPIN_LOCS, which will prevent the partial routing of the signal "ofi_signal_i[9]". Without this partial route, timing analysis to/from this port will not be accurate, and no routing information for this port can be exported.
WARNING: [Route 35-198] Port "ofi_signal_i[10]" does not have an associated HD.PARTPIN_LOCS, which will prevent the partial routing of the signal "ofi_signal_i[10]". Without this partial route, timing analysis to/from this port will not be accurate, and no routing information for this port can be exported.
WARNING: [Route 35-198] Port "ofi_signal_i[11]" does not have an associated HD.PARTPIN_LOCS, which will prevent the partial routing of the signal "ofi_signal_i[11]". Without this partial route, timing analysis to/from this port will not be accurate, and no routing information for this port can be exported.
WARNING: [Route 35-198] Port "fill_delta_i[0]" does not have an associated HD.PARTPIN_LOCS, which will prevent the partial routing of the signal "fill_delta_i[0]". Without this partial route, timing analysis to/from this port will not be accurate, and no routing information for this port can be exported.
WARNING: [Route 35-198] Port "fill_delta_i[1]" does not have an associated HD.PARTPIN_LOCS, which will prevent the partial routing of the signal "fill_delta_i[1]". Without this partial route, timing analysis to/from this port will not be accurate, and no routing information for this port can be exported.
WARNING: [Route 35-198] Port "fill_delta_i[2]" does not have an associated HD.PARTPIN_LOCS, which will prevent the partial routing of the signal "fill_delta_i[2]". Without this partial route, timing analysis to/from this port will not be accurate, and no routing information for this port can be exported.
WARNING: [Route 35-198] Port "fill_delta_i[3]" does not have an associated HD.PARTPIN_LOCS, which will prevent the partial routing of the signal "fill_delta_i[3]". Without this partial route, timing analysis to/from this port will not be accurate, and no routing information for this port can be exported.
WARNING: [Route 35-198] Port "fill_delta_i[4]" does not have an associated HD.PARTPIN_LOCS, which will prevent the partial routing of the signal "fill_delta_i[4]". Without this partial route, timing analysis to/from this port will not be accurate, and no routing information for this port can be exported.
WARNING: [Route 35-198] Port "fill_delta_i[5]" does not have an associated HD.PARTPIN_LOCS, which will prevent the partial routing of the signal "fill_delta_i[5]". Without this partial route, timing analysis to/from this port will not be accurate, and no routing information for this port can be exported.
WARNING: [Route 35-198] Port "fill_delta_i[6]" does not have an associated HD.PARTPIN_LOCS, which will prevent the partial routing of the signal "fill_delta_i[6]". Without this partial route, timing analysis to/from this port will not be accurate, and no routing information for this port can be exported.
WARNING: [Route 35-198] Port "fill_delta_i[7]" does not have an associated HD.PARTPIN_LOCS, which will prevent the partial routing of the signal "fill_delta_i[7]". Without this partial route, timing analysis to/from this port will not be accurate, and no routing information for this port can be exported.
WARNING: [Route 35-198] Port "price_tick_i[7]" does not have an associated HD.PARTPIN_LOCS, which will prevent the partial routing of the signal "price_tick_i[7]". Without this partial route, timing analysis to/from this port will not be accurate, and no routing information for this port can be exported.
WARNING: [Route 35-198] Port "price_tick_i[6]" does not have an associated HD.PARTPIN_LOCS, which will prevent the partial routing of the signal "price_tick_i[6]". Without this partial route, timing analysis to/from this port will not be accurate, and no routing information for this port can be exported.
WARNING: [Route 35-198] Port "price_tick_i[5]" does not have an associated HD.PARTPIN_LOCS, which will prevent the partial routing of the signal "price_tick_i[5]". Without this partial route, timing analysis to/from this port will not be accurate, and no routing information for this port can be exported.
WARNING: [Route 35-198] Port "price_tick_i[4]" does not have an associated HD.PARTPIN_LOCS, which will prevent the partial routing of the signal "price_tick_i[4]". Without this partial route, timing analysis to/from this port will not be accurate, and no routing information for this port can be exported.
WARNING: [Route 35-198] Port "sym_i[0]" does not have an associated HD.PARTPIN_LOCS, which will prevent the partial routing of the signal "sym_i[0]". Without this partial route, timing analysis to/from this port will not be accurate, and no routing information for this port can be exported.
WARNING: [Route 35-198] Port "price_tick_i[9]" does not have an associated HD.PARTPIN_LOCS, which will prevent the partial routing of the signal "price_tick_i[9]". Without this partial route, timing analysis to/from this port will not be accurate, and no routing information for this port can be exported.
WARNING: [Route 35-198] Port "price_tick_i[3]" does not have an associated HD.PARTPIN_LOCS, which will prevent the partial routing of the signal "price_tick_i[3]". Without this partial route, timing analysis to/from this port will not be accurate, and no routing information for this port can be exported.
WARNING: [Route 35-198] Port "price_tick_i[2]" does not have an associated HD.PARTPIN_LOCS, which will prevent the partial routing of the signal "price_tick_i[2]". Without this partial route, timing analysis to/from this port will not be accurate, and no routing information for this port can be exported.
WARNING: [Route 35-198] Port "price_tick_i[1]" does not have an associated HD.PARTPIN_LOCS, which will prevent the partial routing of the signal "price_tick_i[1]". Without this partial route, timing analysis to/from this port will not be accurate, and no routing information for this port can be exported.
WARNING: [Route 35-198] Port "price_tick_i[0]" does not have an associated HD.PARTPIN_LOCS, which will prevent the partial routing of the signal "price_tick_i[0]". Without this partial route, timing analysis to/from this port will not be accurate, and no routing information for this port can be exported.
WARNING: [Route 35-198] Port "price_tick_i[8]" does not have an associated HD.PARTPIN_LOCS, which will prevent the partial routing of the signal "price_tick_i[8]". Without this partial route, timing analysis to/from this port will not be accurate, and no routing information for this port can be exported.
WARNING: [Route 35-198] Port "new_abs_qty_i[14]" does not have an associated HD.PARTPIN_LOCS, which will prevent the partial routing of the signal "new_abs_qty_i[14]". Without this partial route, timing analysis to/from this port will not be accurate, and no routing information for this port can be exported.
WARNING: [Route 35-198] Port "new_abs_qty_i[12]" does not have an associated HD.PARTPIN_LOCS, which will prevent the partial routing of the signal "new_abs_qty_i[12]". Without this partial route, timing analysis to/from this port will not be accurate, and no routing information for this port can be exported.
WARNING: [Route 35-198] Port "new_abs_qty_i[13]" does not have an associated HD.PARTPIN_LOCS, which will prevent the partial routing of the signal "new_abs_qty_i[13]". Without this partial route, timing analysis to/from this port will not be accurate, and no routing information for this port can be exported.
WARNING: [Route 35-198] Port "new_abs_qty_i[17]" does not have an associated HD.PARTPIN_LOCS, which will prevent the partial routing of the signal "new_abs_qty_i[17]". Without this partial route, timing analysis to/from this port will not be accurate, and no routing information for this port can be exported.
WARNING: [Route 35-198] Port "new_abs_qty_i[15]" does not have an associated HD.PARTPIN_LOCS, which will prevent the partial routing of the signal "new_abs_qty_i[15]". Without this partial route, timing analysis to/from this port will not be accurate, and no routing information for this port can be exported.
WARNING: [Route 35-198] Port "new_abs_qty_i[16]" does not have an associated HD.PARTPIN_LOCS, which will prevent the partial routing of the signal "new_abs_qty_i[16]". Without this partial route, timing analysis to/from this port will not be accurate, and no routing information for this port can be exported.
WARNING: [Route 35-198] Port "new_abs_qty_i[22]" does not have an associated HD.PARTPIN_LOCS, which will prevent the partial routing of the signal "new_abs_qty_i[22]". Without this partial route, timing analysis to/from this port will not be accurate, and no routing information for this port can be exported.
WARNING: [Route 35-198] Port "new_abs_qty_i[21]" does not have an associated HD.PARTPIN_LOCS, which will prevent the partial routing of the signal "new_abs_qty_i[21]". Without this partial route, timing analysis to/from this port will not be accurate, and no routing information for this port can be exported.
WARNING: [Route 35-198] Port "new_abs_qty_i[23]" does not have an associated HD.PARTPIN_LOCS, which will prevent the partial routing of the signal "new_abs_qty_i[23]". Without this partial route, timing analysis to/from this port will not be accurate, and no routing information for this port can be exported.
WARNING: [Route 35-198] Port "new_abs_qty_i[18]" does not have an associated HD.PARTPIN_LOCS, which will prevent the partial routing of the signal "new_abs_qty_i[18]". Without this partial route, timing analysis to/from this port will not be accurate, and no routing information for this port can be exported.
WARNING: [Route 35-198] Port "new_abs_qty_i[19]" does not have an associated HD.PARTPIN_LOCS, which will prevent the partial routing of the signal "new_abs_qty_i[19]". Without this partial route, timing analysis to/from this port will not be accurate, and no routing information for this port can be exported.
WARNING: [Route 35-198] Port "new_abs_qty_i[20]" does not have an associated HD.PARTPIN_LOCS, which will prevent the partial routing of the signal "new_abs_qty_i[20]". Without this partial route, timing analysis to/from this port will not be accurate, and no routing information for this port can be exported.
WARNING: [Route 35-198] Port "new_abs_qty_i[11]" does not have an associated HD.PARTPIN_LOCS, which will prevent the partial routing of the signal "new_abs_qty_i[11]". Without this partial route, timing analysis to/from this port will not be accurate, and no routing information for this port can be exported.
WARNING: [Route 35-198] Port "new_abs_qty_i[9]" does not have an associated HD.PARTPIN_LOCS, which will prevent the partial routing of the signal "new_abs_qty_i[9]". Without this partial route, timing analysis to/from this port will not be accurate, and no routing information for this port can be exported.
WARNING: [Route 35-198] Port "new_abs_qty_i[10]" does not have an associated HD.PARTPIN_LOCS, which will prevent the partial routing of the signal "new_abs_qty_i[10]". Without this partial route, timing analysis to/from this port will not be accurate, and no routing information for this port can be exported.
WARNING: [Route 35-198] Port "new_abs_qty_i[6]" does not have an associated HD.PARTPIN_LOCS, which will prevent the partial routing of the signal "new_abs_qty_i[6]". Without this partial route, timing analysis to/from this port will not be accurate, and no routing information for this port can be exported.
WARNING: [Route 35-198] Port "new_abs_qty_i[7]" does not have an associated HD.PARTPIN_LOCS, which will prevent the partial routing of the signal "new_abs_qty_i[7]". Without this partial route, timing analysis to/from this port will not be accurate, and no routing information for this port can be exported.
WARNING: [Route 35-198] Port "new_abs_qty_i[8]" does not have an associated HD.PARTPIN_LOCS, which will prevent the partial routing of the signal "new_abs_qty_i[8]". Without this partial route, timing analysis to/from this port will not be accurate, and no routing information for this port can be exported.
WARNING: [Route 35-198] Port "op_i[0]" does not have an associated HD.PARTPIN_LOCS, which will prevent the partial routing of the signal "op_i[0]". Without this partial route, timing analysis to/from this port will not be accurate, and no routing information for this port can be exported.
WARNING: [Route 35-198] Port "op_i[1]" does not have an associated HD.PARTPIN_LOCS, which will prevent the partial routing of the signal "op_i[1]". Without this partial route, timing analysis to/from this port will not be accurate, and no routing information for this port can be exported.
WARNING: [Route 35-198] Port "new_abs_qty_i[5]" does not have an associated HD.PARTPIN_LOCS, which will prevent the partial routing of the signal "new_abs_qty_i[5]". Without this partial route, timing analysis to/from this port will not be accurate, and no routing information for this port can be exported.
WARNING: [Route 35-198] Port "new_abs_qty_i[3]" does not have an associated HD.PARTPIN_LOCS, which will prevent the partial routing of the signal "new_abs_qty_i[3]". Without this partial route, timing analysis to/from this port will not be accurate, and no routing information for this port can be exported.
WARNING: [Route 35-198] Port "new_abs_qty_i[4]" does not have an associated HD.PARTPIN_LOCS, which will prevent the partial routing of the signal "new_abs_qty_i[4]". Without this partial route, timing analysis to/from this port will not be accurate, and no routing information for this port can be exported.
WARNING: [Route 35-198] Port "new_abs_qty_i[0]" does not have an associated HD.PARTPIN_LOCS, which will prevent the partial routing of the signal "new_abs_qty_i[0]". Without this partial route, timing analysis to/from this port will not be accurate, and no routing information for this port can be exported.
INFO: [Common 17-14] Message 'Route 35-198' appears 100 times and further instances of the messages will be disabled. Use the Tcl command set_msg_config to change the current settings.
Post Restoration Checksum: NetGraph: 824dfa06 | NumContArr: 677a1a16 | Constraints: c2a8fa9d | Timing: c2a8fa9d
Phase 1 Build RT Design | Checksum: 26f1a0956

Time (s): cpu = 00:00:07 ; elapsed = 00:00:07 . Memory (MB): peak = 5774.898 ; gain = 0.000 ; free physical = 6553 ; free virtual = 16359

Phase 2 Router Initialization

Phase 2.1 Fix Topology Constraints
Phase 2.1 Fix Topology Constraints | Checksum: 26f1a0956

Time (s): cpu = 00:00:07 ; elapsed = 00:00:07 . Memory (MB): peak = 5774.898 ; gain = 0.000 ; free physical = 6553 ; free virtual = 16359

Phase 2.2 Pre Route Cleanup
Phase 2.2 Pre Route Cleanup | Checksum: 26f1a0956

Time (s): cpu = 00:00:07 ; elapsed = 00:00:07 . Memory (MB): peak = 5774.898 ; gain = 0.000 ; free physical = 6553 ; free virtual = 16359

Phase 2.3 Global Clock Net Routing
Phase 2.3 Global Clock Net Routing | Checksum: 26f1a0956

Time (s): cpu = 00:00:11 ; elapsed = 00:00:07 . Memory (MB): peak = 5925.320 ; gain = 150.422 ; free physical = 6398 ; free virtual = 16204

Phase 2.4 Update Timing
Phase 2.4 Update Timing | Checksum: 23c1c35b7

Time (s): cpu = 00:00:11 ; elapsed = 00:00:08 . Memory (MB): peak = 5925.320 ; gain = 150.422 ; free physical = 6398 ; free virtual = 16204
INFO: [Route 35-416] Intermediate Timing Summary | WNS=0.544  | TNS=0.000  | WHS=-0.059 | THS=-2.248 |


Router Utilization Summary
  Global Vertical Routing Utilization    = 0 %
  Global Horizontal Routing Utilization  = 0 %
  Routable Net Status*
  *Does not include unroutable nets such as driverless and loadless.
  Run report_route_status for detailed report.
  Number of Failed Nets               = 1275
    (Failed Nets is the sum of unrouted and partially routed nets)
  Number of Unrouted Nets             = 1015
  Number of Partially Routed Nets     = 260
  Number of Node Overlaps             = 0

Phase 2 Router Initialization | Checksum: 1eb41ef0a

Time (s): cpu = 00:00:15 ; elapsed = 00:00:09 . Memory (MB): peak = 5947.750 ; gain = 172.852 ; free physical = 6382 ; free virtual = 16188

Phase 3 Global Routing
Phase 3 Global Routing | Checksum: 1eb41ef0a

Time (s): cpu = 00:00:15 ; elapsed = 00:00:09 . Memory (MB): peak = 5947.750 ; gain = 172.852 ; free physical = 6382 ; free virtual = 16188

Phase 4 Initial Routing

Phase 4.1 Initial Net Routing Pass
Phase 4.1 Initial Net Routing Pass | Checksum: 25fe68816

Time (s): cpu = 00:00:18 ; elapsed = 00:00:09 . Memory (MB): peak = 5947.750 ; gain = 172.852 ; free physical = 6395 ; free virtual = 16201
Phase 4 Initial Routing | Checksum: 31f52a97f

Time (s): cpu = 00:00:18 ; elapsed = 00:00:09 . Memory (MB): peak = 5947.750 ; gain = 172.852 ; free physical = 6395 ; free virtual = 16201

Phase 5 Rip-up And Reroute

Phase 5.1 Global Iteration 0
 Number of Nodes with overlaps = 359
 Number of Nodes with overlaps = 47
 Number of Nodes with overlaps = 10
 Number of Nodes with overlaps = 2
 Number of Nodes with overlaps = 0
INFO: [Route 35-416] Intermediate Timing Summary | WNS=0.369  | TNS=0.000  | WHS=-0.080 | THS=-2.919 |

Phase 5.1 Global Iteration 0 | Checksum: 1fbb05fa4

Time (s): cpu = 00:00:20 ; elapsed = 00:00:11 . Memory (MB): peak = 5947.750 ; gain = 172.852 ; free physical = 6424 ; free virtual = 16229

Phase 5.2 Additional Iteration for Hold
Phase 5.2 Additional Iteration for Hold | Checksum: 1d8e7cd66

Time (s): cpu = 00:00:21 ; elapsed = 00:00:11 . Memory (MB): peak = 5947.750 ; gain = 172.852 ; free physical = 6424 ; free virtual = 16230
Phase 5 Rip-up And Reroute | Checksum: 1d8e7cd66

Time (s): cpu = 00:00:21 ; elapsed = 00:00:11 . Memory (MB): peak = 5947.750 ; gain = 172.852 ; free physical = 6424 ; free virtual = 16230

Phase 6 Delay and Skew Optimization

Phase 6.1 Delay CleanUp
Phase 6.1 Delay CleanUp | Checksum: 1d8e7cd66

Time (s): cpu = 00:00:21 ; elapsed = 00:00:11 . Memory (MB): peak = 5947.750 ; gain = 172.852 ; free physical = 6424 ; free virtual = 16230

Phase 6.2 Clock Skew Optimization
Phase 6.2 Clock Skew Optimization | Checksum: 1d8e7cd66

Time (s): cpu = 00:00:21 ; elapsed = 00:00:11 . Memory (MB): peak = 5947.750 ; gain = 172.852 ; free physical = 6424 ; free virtual = 16230
Phase 6 Delay and Skew Optimization | Checksum: 1d8e7cd66

Time (s): cpu = 00:00:21 ; elapsed = 00:00:11 . Memory (MB): peak = 5947.750 ; gain = 172.852 ; free physical = 6424 ; free virtual = 16230

Phase 7 Post Hold Fix

Phase 7.1 Hold Fix Iter
INFO: [Route 35-416] Intermediate Timing Summary | WNS=0.369  | TNS=0.000  | WHS=-0.080 | THS=-2.919 |

Phase 7.1 Hold Fix Iter | Checksum: 2843267d2

Time (s): cpu = 00:00:21 ; elapsed = 00:00:11 . Memory (MB): peak = 5947.750 ; gain = 172.852 ; free physical = 6424 ; free virtual = 16230

Phase 7.2 Non Free Resource Hold Fix Iter
Phase 7.2 Non Free Resource Hold Fix Iter | Checksum: 24bc4af88

Time (s): cpu = 00:00:21 ; elapsed = 00:00:11 . Memory (MB): peak = 5947.750 ; gain = 172.852 ; free physical = 6424 ; free virtual = 16230
Phase 7 Post Hold Fix | Checksum: 24bc4af88

Time (s): cpu = 00:00:21 ; elapsed = 00:00:11 . Memory (MB): peak = 5947.750 ; gain = 172.852 ; free physical = 6424 ; free virtual = 16230

Phase 8 Route finalize

Router Utilization Summary
  Global Vertical Routing Utilization    = 0.0137022 %
  Global Horizontal Routing Utilization  = 0.0174789 %
  Routable Net Status*
  *Does not include unroutable nets such as driverless and loadless.
  Run report_route_status for detailed report.
  Number of Failed Nets               = 0
    (Failed Nets is the sum of unrouted and partially routed nets)
  Number of Unrouted Nets             = 0
  Number of Partially Routed Nets     = 0
  Number of Node Overlaps             = 0

Phase 8 Route finalize | Checksum: 24bc4af88

Time (s): cpu = 00:00:22 ; elapsed = 00:00:11 . Memory (MB): peak = 5947.750 ; gain = 172.852 ; free physical = 6418 ; free virtual = 16224

Phase 9 Verifying routed nets

 Verification completed successfully
Phase 9 Verifying routed nets | Checksum: 24bc4af88

Time (s): cpu = 00:00:22 ; elapsed = 00:00:11 . Memory (MB): peak = 5947.750 ; gain = 172.852 ; free physical = 6418 ; free virtual = 16224

Phase 10 Depositing Routes
Phase 10 Depositing Routes | Checksum: 24bc4af88

Time (s): cpu = 00:00:22 ; elapsed = 00:00:11 . Memory (MB): peak = 5947.750 ; gain = 172.852 ; free physical = 6418 ; free virtual = 16224

Phase 11 Resolve XTalk
Phase 11 Resolve XTalk | Checksum: 24bc4af88

Time (s): cpu = 00:00:22 ; elapsed = 00:00:11 . Memory (MB): peak = 5947.750 ; gain = 172.852 ; free physical = 6418 ; free virtual = 16224

Phase 12 Post Process Routing
WARNING: [Route 35-426]  Router was unable to fix hold violation on pins with fixed or dedicated routing. The router cannot add routing detours to improve hold time because the pins fall under one or more of the listed categories: partition pins, fixed routes and intra-site connections.
Resolution: Run report_timing_summary to analyze the hold violations.
Phase 12 Post Process Routing | Checksum: 24bc4af88

Time (s): cpu = 00:00:22 ; elapsed = 00:00:11 . Memory (MB): peak = 5947.750 ; gain = 172.852 ; free physical = 6418 ; free virtual = 16224

Phase 13 Post Router Timing

Phase 13.1 Update Timing
Phase 13.1 Update Timing | Checksum: 24bc4af88

Time (s): cpu = 00:00:22 ; elapsed = 00:00:11 . Memory (MB): peak = 5947.750 ; gain = 172.852 ; free physical = 6418 ; free virtual = 16224
INFO: [Route 35-57] Estimated Timing Summary | WNS=0.369  | TNS=0.000  | WHS=-0.080 | THS=-2.919 |

WARNING: [Route 35-328] Router estimated timing not met.
Resolution: For a complete and accurate timing signoff, report_timing_summary must be run after route_design. Alternatively, route_design can be run with the -timing_summary option to enable a complete timing signoff at the end of route_design.
Phase 13 Post Router Timing | Checksum: 24bc4af88

Time (s): cpu = 00:00:22 ; elapsed = 00:00:11 . Memory (MB): peak = 5947.750 ; gain = 172.852 ; free physical = 6418 ; free virtual = 16224
Found no candidate nets for laguna hold fix
Time taken to check if laguna hold fix is required (in secs): 0
Skip PhysOpt in Router because non-negative WNS value: 3.70249e-10 .
Total Elapsed time in route_design: 11.38 secs

Phase 14 Post-Route Event Processing
Phase 14 Post-Route Event Processing | Checksum: 1b5fbd97f

Time (s): cpu = 00:00:22 ; elapsed = 00:00:11 . Memory (MB): peak = 5947.750 ; gain = 172.852 ; free physical = 6418 ; free virtual = 16224
INFO: [Route 35-16] Router Completed Successfully
Ending Routing Task | Checksum: 1b5fbd97f

Time (s): cpu = 00:00:22 ; elapsed = 00:00:11 . Memory (MB): peak = 5947.750 ; gain = 172.852 ; free physical = 6418 ; free virtual = 16224

Routing Is Done.
INFO: [Common 17-83] Releasing license: Implementation
9 Infos, 103 Warnings, 0 Critical Warnings and 0 Errors encountered.
route_design completed successfully
route_design: Time (s): cpu = 00:00:22 ; elapsed = 00:00:11 . Memory (MB): peak = 5947.750 ; gain = 172.852 ; free physical = 6418 ; free virtual = 16224
# report_utilization    -file ${OUTDIR}/hft_alpha_util.rpt
# report_timing_summary -file ${OUTDIR}/hft_alpha_timing.rpt -warn_on_violation
INFO: [Timing 38-91] UpdateTimingParams: Speed grade: -2, Temperature grade: E, Delay Type: min_max.
INFO: [Timing 38-191] Multithreading enabled for timing update using a maximum of 8 CPUs
CRITICAL WARNING: [Timing 38-282] The design failed to meet the timing requirements. Please see the timing summary report for details on the timing violations.
# report_timing -nworst 5 -setup -file ${OUTDIR}/hft_alpha_timing_paths.rpt
INFO: [Timing 38-91] UpdateTimingParams: Speed grade: -2, Temperature grade: E, Delay Type: max.
INFO: [Timing 38-191] Multithreading enabled for timing update using a maximum of 8 CPUs
INFO: [Timing 38-78] ReportTimingParams: -max_paths 1 -nworst 5 -delay_type max -sort_by slack.
# set util_str   [exec grep -E "CLB LUTs|CLB Registers|RAMB36/FIFO|RAMB18 |Block RAM Tile|URAM|LUT as Distributed RAM|DSPs" ${OUTDIR}/hft_alpha_util.rpt]
# set timing_str [exec grep -E "Worst Slack|Total Violation" ${OUTDIR}/hft_alpha_timing.rpt]
# set fp [open ${OUTDIR}/hft_alpha_summary.txt w]
# puts $fp "hft_alpha_pipeline V4 P&R (v1.28.50)"
# puts $fp "======================================"
# puts $fp "Part:           $FPGA_PART"
# puts $fp "Target period:  $TARGET_NS ns (333.33 MHz)"
# puts $fp "Top:            $TOP"
# puts $fp "Generics:       $generics"
# puts $fp ""
# puts $fp "Resource utilization:"
# puts $fp $util_str
# puts $fp ""
# puts $fp "Timing summary:"
# puts $fp $timing_str
# close $fp
# puts "hft_alpha_pipeline V4 done"
hft_alpha_pipeline V4 done
INFO: [Common 17-206] Exiting Vivado at Sat May  9 05:37:38 2026...
